timestamp,n_seen,event_type,district
2016-01-01 04:00:00,1658,warning,Manhattan
2016-01-01 19:00:00,4498,drift,Manhattan
2016-01-01 19:00:00,4562,warning,Manhattan
2016-01-02 13:00:00,7498,drift,Manhattan
2016-01-02 13:00:00,7626,warning,Manhattan
2016-01-02 15:00:00,1594,warning,Global
2016-01-02 22:00:00,10498,drift,Manhattan
2016-01-02 22:00:00,10594,warning,Manhattan
2016-01-02 23:00:00,1898,drift,Global
2016-01-03 01:00:00,1994,warning,Global
2016-01-03 09:00:00,2298,drift,Global
2016-01-03 10:00:00,2330,warning,Global
2016-01-03 13:00:00,13498,drift,Manhattan
2016-01-03 13:00:00,13626,warning,Manhattan
2016-01-03 19:00:00,2698,drift,Global
2016-01-03 20:00:00,2762,warning,Global
2016-01-04 05:00:00,16498,drift,Manhattan
2016-01-04 06:00:00,16594,warning,Manhattan
2016-01-04 07:00:00,3098,drift,Global
2016-01-04 11:00:00,3258,warning,Global
2016-01-04 16:00:00,19498,drift,Manhattan
2016-01-04 16:00:00,19594,warning,Manhattan
2016-01-04 18:00:00,3498,drift,Global
2016-01-04 19:00:00,3562,warning,Global
2016-01-05 04:00:00,3898,drift,Global
2016-01-05 06:00:00,3930,warning,Global
2016-01-05 07:00:00,22498,drift,Manhattan
2016-01-05 07:00:00,22626,warning,Manhattan
2016-01-05 16:00:00,25498,drift,Manhattan
2016-01-05 16:00:00,25626,warning,Manhattan
2016-01-05 17:00:00,4298,drift,Global
2016-01-05 18:00:00,4362,warning,Global
2016-01-06 02:00:00,4698,drift,Global
2016-01-06 05:00:00,4730,warning,Global
2016-01-06 06:00:00,28498,drift,Manhattan
2016-01-06 07:00:00,28594,warning,Manhattan
2016-01-06 15:00:00,31498,drift,Manhattan
2016-01-06 15:00:00,31658,warning,Manhattan
2016-01-06 17:00:00,5098,drift,Global
2016-01-06 19:00:00,5162,warning,Global
2016-01-07 00:00:00,34498,drift,Manhattan
2016-01-07 01:00:00,34626,warning,Manhattan
2016-01-07 02:00:00,5498,drift,Global
2016-01-07 07:00:00,5594,warning,Global
2016-01-07 14:00:00,37498,drift,Manhattan
2016-01-07 14:00:00,37626,warning,Manhattan
2016-01-07 17:00:00,5898,drift,Global
2016-01-07 19:00:00,5994,warning,Global
2016-01-07 22:00:00,40498,drift,Manhattan
2016-01-07 22:00:00,40658,warning,Manhattan
2016-01-07 23:00:00,6298,drift,Global
2016-01-08 01:00:00,6362,warning,Global
2016-01-08 11:00:00,43498,drift,Manhattan
2016-01-08 12:00:00,43722,warning,Manhattan
2016-01-08 14:00:00,6698,drift,Global
2016-01-08 15:00:00,6762,warning,Global
2016-01-08 19:00:00,46498,drift,Manhattan
2016-01-08 19:00:00,46626,warning,Manhattan
2016-01-08 22:00:00,7098,drift,Global
2016-01-08 23:00:00,7162,warning,Global
2016-01-09 05:00:00,7498,drift,Global
2016-01-09 06:00:00,49498,drift,Manhattan
2016-01-09 07:00:00,7562,warning,Global
2016-01-09 07:00:00,49626,warning,Manhattan
2016-01-09 16:00:00,52498,drift,Manhattan
2016-01-09 16:00:00,52594,warning,Manhattan
2016-01-09 20:00:00,7898,drift,Global
2016-01-09 22:00:00,7994,warning,Global
2016-01-09 23:00:00,55498,drift,Manhattan
2016-01-09 23:00:00,55594,warning,Manhattan
2016-01-10 02:00:00,8298,drift,Global
2016-01-10 04:00:00,8394,warning,Global
2016-01-10 12:00:00,58498,drift,Manhattan
2016-01-10 12:00:00,58626,warning,Manhattan
2016-01-10 14:00:00,8698,drift,Global
2016-01-10 16:00:00,8762,warning,Global
2016-01-10 21:00:00,61498,drift,Manhattan
2016-01-10 22:00:00,61530,warning,Manhattan
2016-01-10 22:00:00,9098,drift,Global
2016-01-11 01:00:00,9194,warning,Global
2016-01-11 13:00:00,9498,drift,Global
2016-01-11 13:00:00,64498,drift,Manhattan
2016-01-11 13:00:00,64594,warning,Manhattan
2016-01-11 14:00:00,9562,warning,Global
2016-01-11 21:00:00,67498,drift,Manhattan
2016-01-11 21:00:00,9898,drift,Global
2016-01-11 21:00:00,67594,warning,Manhattan
2016-01-11 22:00:00,9962,warning,Global
2016-01-12 11:00:00,70498,drift,Manhattan
2016-01-12 12:00:00,10298,drift,Global
2016-01-12 12:00:00,70626,warning,Manhattan
2016-01-12 14:00:00,10362,warning,Global
2016-01-12 20:00:00,73498,drift,Manhattan
2016-01-12 20:00:00,73754,warning,Manhattan
2016-01-12 21:00:00,10698,drift,Global
2016-01-12 22:00:00,10762,warning,Global
2016-01-13 08:00:00,1562,warning,Queens
2016-01-13 09:00:00,76498,drift,Manhattan
2016-01-13 09:00:00,11098,drift,Global
2016-01-13 10:00:00,76690,warning,Manhattan
2016-01-13 14:00:00,1588,drift,Queens
2016-01-13 14:00:00,11258,warning,Global
2016-01-13 17:00:00,79498,drift,Manhattan
2016-01-13 18:00:00,79626,warning,Manhattan
2016-01-13 20:00:00,11498,drift,Global
2016-01-13 20:00:00,11562,warning,Global
2016-01-14 05:00:00,11898,drift,Global
2016-01-14 05:00:00,82498,drift,Manhattan
2016-01-14 06:00:00,82594,warning,Manhattan
2016-01-14 08:00:00,11994,warning,Global
2016-01-14 14:00:00,85498,drift,Manhattan
2016-01-14 14:00:00,85594,warning,Manhattan
2016-01-14 16:00:00,12298,drift,Global
2016-01-14 17:00:00,12362,warning,Global
2016-01-14 19:00:00,1716,warning,Queens
2016-01-14 21:00:00,88498,drift,Manhattan
2016-01-14 22:00:00,88530,warning,Manhattan
2016-01-14 22:00:00,12698,drift,Global
2016-01-14 23:00:00,12794,warning,Global
2016-01-15 08:00:00,13098,drift,Global
2016-01-15 10:00:00,13162,warning,Global
2016-01-15 11:00:00,91498,drift,Manhattan
2016-01-15 11:00:00,91626,warning,Manhattan
2016-01-15 17:00:00,13498,drift,Global
2016-01-15 18:00:00,1828,drift,Queens
2016-01-15 19:00:00,94498,drift,Manhattan
2016-01-15 19:00:00,13594,warning,Global
2016-01-15 19:00:00,94658,warning,Manhattan
2016-01-15 23:00:00,13898,drift,Global
2016-01-16 00:00:00,13962,warning,Global
2016-01-16 03:00:00,97498,drift,Manhattan
2016-01-16 04:00:00,97594,warning,Manhattan
2016-01-16 07:00:00,14298,drift,Global
2016-01-16 09:00:00,1924,warning,Queens
2016-01-16 11:00:00,14394,warning,Global
2016-01-16 15:00:00,100498,drift,Manhattan
2016-01-16 16:00:00,100562,warning,Manhattan
2016-01-16 19:00:00,14698,drift,Global
2016-01-16 21:00:00,14762,warning,Global
2016-01-16 21:00:00,1978,drift,Queens
2016-01-16 22:00:00,103498,drift,Manhattan
2016-01-16 23:00:00,103658,warning,Manhattan
2016-01-17 02:00:00,15098,drift,Global
2016-01-17 03:00:00,15162,warning,Global
2016-01-17 11:00:00,2042,warning,Queens
2016-01-17 11:00:00,106498,drift,Manhattan
2016-01-17 12:00:00,106562,warning,Manhattan
2016-01-17 13:00:00,15498,drift,Global
2016-01-17 15:00:00,15562,warning,Global
2016-01-17 15:00:00,2068,drift,Queens
2016-01-17 20:00:00,109498,drift,Manhattan
2016-01-17 20:00:00,109562,warning,Manhattan
2016-01-17 22:00:00,15898,drift,Global
2016-01-17 23:00:00,15962,warning,Global
2016-01-18 11:00:00,16298,drift,Global
2016-01-18 12:00:00,112498,drift,Manhattan
2016-01-18 12:00:00,112594,warning,Manhattan
2016-01-18 15:00:00,16458,warning,Global
2016-01-18 15:00:00,2188,drift,Queens
2016-01-18 19:00:00,115498,drift,Manhattan
2016-01-18 20:00:00,16698,drift,Global
2016-01-18 20:00:00,115626,warning,Manhattan
2016-01-18 22:00:00,16826,warning,Global
2016-01-19 06:00:00,17098,drift,Global
2016-01-19 08:00:00,17162,warning,Global
2016-01-19 10:00:00,2284,warning,Queens
2016-01-19 10:00:00,118498,drift,Manhattan
2016-01-19 10:00:00,118594,warning,Manhattan
2016-01-19 17:00:00,17498,drift,Global
2016-01-19 18:00:00,17562,warning,Global
2016-01-19 18:00:00,121498,drift,Manhattan
2016-01-19 18:00:00,121530,warning,Manhattan
2016-01-19 23:00:00,1638,drift,Brooklyn
2016-01-20 00:00:00,17898,drift,Global
2016-01-20 00:00:00,2368,drift,Queens
2016-01-20 03:00:00,17962,warning,Global
2016-01-20 08:00:00,124498,drift,Manhattan
2016-01-20 08:00:00,124754,warning,Manhattan
2016-01-20 14:00:00,18298,drift,Global
2016-01-20 16:00:00,18362,warning,Global
2016-01-20 17:00:00,127498,drift,Manhattan
2016-01-20 17:00:00,127562,warning,Manhattan
2016-01-20 21:00:00,18698,drift,Global
2016-01-20 23:00:00,18794,warning,Global
2016-01-21 01:00:00,130498,drift,Manhattan
2016-01-21 05:00:00,130658,warning,Manhattan
2016-01-21 09:00:00,19098,drift,Global
2016-01-21 11:00:00,19162,warning,Global
2016-01-21 14:00:00,133498,drift,Manhattan
2016-01-21 14:00:00,133594,warning,Manhattan
2016-01-21 16:00:00,2496,warning,Queens
2016-01-21 19:00:00,19498,drift,Global
2016-01-21 20:00:00,19562,warning,Global
2016-01-21 20:00:00,2518,drift,Queens
2016-01-21 21:00:00,136498,drift,Manhattan
2016-01-21 21:00:00,136626,warning,Manhattan
2016-01-22 00:00:00,19898,drift,Global
2016-01-22 01:00:00,19962,warning,Global
2016-01-22 10:00:00,139498,drift,Manhattan
2016-01-22 10:00:00,139626,warning,Manhattan
2016-01-22 13:00:00,20298,drift,Global
2016-01-22 15:00:00,20394,warning,Global
2016-01-22 18:00:00,142498,drift,Manhattan
2016-01-22 18:00:00,142658,warning,Manhattan
2016-01-22 21:00:00,20698,drift,Global
2016-01-22 23:00:00,2646,warning,Queens
2016-01-22 23:00:00,20794,warning,Global
2016-01-23 00:00:00,1858,drift,Brooklyn
2016-01-23 01:00:00,145498,drift,Manhattan
2016-01-23 01:00:00,2668,drift,Queens
2016-01-23 01:00:00,145626,warning,Manhattan
2016-01-24 08:00:00,21098,drift,Global
2016-01-24 13:00:00,1922,warning,Brooklyn
2016-01-24 14:00:00,21162,warning,Global
2016-01-24 14:00:00,2732,warning,Queens
2016-01-24 19:00:00,148498,drift,Manhattan
2016-01-24 19:00:00,148530,warning,Manhattan
2016-01-25 01:00:00,21498,drift,Global
2016-01-25 02:00:00,1978,drift,Brooklyn
2016-01-25 03:00:00,2818,drift,Queens
2016-01-25 04:00:00,21562,warning,Global
2016-01-25 09:00:00,2882,warning,Queens
2016-01-25 14:00:00,21898,drift,Global
2016-01-25 15:00:00,151498,drift,Manhattan
2016-01-25 15:00:00,151722,warning,Manhattan
2016-01-25 16:00:00,21962,warning,Global
2016-01-25 16:00:00,2938,drift,Queens
2016-01-25 23:00:00,22298,drift,Global
2016-01-26 00:00:00,22362,warning,Global
2016-01-26 06:00:00,154498,drift,Manhattan
2016-01-26 06:00:00,154594,warning,Manhattan
2016-01-26 10:00:00,22698,drift,Global
2016-01-26 12:00:00,3066,warning,Queens
2016-01-26 13:00:00,22762,warning,Global
2016-01-26 16:00:00,3088,drift,Queens
2016-01-26 17:00:00,157498,drift,Manhattan
2016-01-26 17:00:00,157530,warning,Manhattan
2016-01-26 20:00:00,23098,drift,Global
2016-01-26 21:00:00,23162,warning,Global
2016-01-26 22:00:00,2106,warning,Brooklyn
2016-01-27 06:00:00,23498,drift,Global
2016-01-27 07:00:00,160498,drift,Manhattan
2016-01-27 07:00:00,160626,warning,Manhattan
2016-01-27 09:00:00,2138,drift,Brooklyn
2016-01-27 11:00:00,23626,warning,Global
2016-01-27 16:00:00,163498,drift,Manhattan
2016-01-27 16:00:00,163594,warning,Manhattan
2016-01-27 19:00:00,23898,drift,Global
2016-01-27 20:00:00,23962,warning,Global
2016-01-27 20:00:00,3216,warning,Queens
2016-01-27 23:00:00,3238,drift,Queens
2016-01-28 00:00:00,166498,drift,Manhattan
2016-01-28 01:00:00,24298,drift,Global
2016-01-28 01:00:00,166658,warning,Manhattan
2016-01-28 05:00:00,24394,warning,Global
2016-01-28 14:00:00,169498,drift,Manhattan
2016-01-28 14:00:00,24698,drift,Global
2016-01-28 14:00:00,169626,warning,Manhattan
2016-01-28 15:00:00,24762,warning,Global
2016-01-28 21:00:00,25098,drift,Global
2016-01-28 22:00:00,172498,drift,Manhattan
2016-01-28 22:00:00,172594,warning,Manhattan
2016-01-28 22:00:00,3334,warning,Queens
2016-01-28 22:00:00,25162,warning,Global
2016-01-29 07:00:00,25498,drift,Global
2016-01-29 10:00:00,175498,drift,Manhattan
2016-01-29 11:00:00,25594,warning,Global
2016-01-29 11:00:00,175626,warning,Manhattan
2016-01-29 18:00:00,3418,drift,Queens
2016-01-29 18:00:00,25898,drift,Global
2016-01-29 19:00:00,178498,drift,Manhattan
2016-01-29 19:00:00,178626,warning,Manhattan
2016-01-29 19:00:00,25962,warning,Global
2016-01-29 22:00:00,2362,warning,Brooklyn
2016-01-30 00:00:00,26298,drift,Global
2016-01-30 01:00:00,26394,warning,Global
2016-01-30 02:00:00,181498,drift,Manhattan
2016-01-30 02:00:00,2418,drift,Brooklyn
2016-01-30 03:00:00,181882,warning,Manhattan
2016-01-30 03:00:00,3482,warning,Queens
2016-01-30 08:00:00,26698,drift,Global
2016-01-30 12:00:00,26794,warning,Global
2016-01-30 14:00:00,184498,drift,Manhattan
2016-01-30 14:00:00,184658,warning,Manhattan
2016-01-30 16:00:00,3538,drift,Queens
2016-01-30 21:00:00,27098,drift,Global
2016-01-30 21:00:00,187498,drift,Manhattan
2016-01-30 21:00:00,187594,warning,Manhattan
2016-01-30 23:00:00,27194,warning,Global
2016-01-31 03:00:00,27498,drift,Global
2016-01-31 06:00:00,27594,warning,Global
2016-01-31 08:00:00,3602,warning,Queens
2016-01-31 08:00:00,190498,drift,Manhattan
2016-01-31 09:00:00,190626,warning,Manhattan
2016-01-31 13:00:00,2610,warning,Brooklyn
2016-01-31 16:00:00,27898,drift,Global
2016-01-31 17:00:00,193498,drift,Manhattan
2016-01-31 17:00:00,27994,warning,Global
2016-01-31 18:00:00,193690,warning,Manhattan
2016-01-31 23:00:00,28298,drift,Global
2016-02-01 01:00:00,2658,drift,Brooklyn
2016-02-01 03:00:00,28394,warning,Global
2016-02-01 09:00:00,196498,drift,Manhattan
2016-02-01 10:00:00,196722,warning,Manhattan
2016-02-01 14:00:00,28698,drift,Global
2016-02-01 14:00:00,3748,drift,Queens
2016-02-01 14:00:00,28730,warning,Global
2016-02-01 19:00:00,199498,drift,Manhattan
2016-02-01 19:00:00,199626,warning,Manhattan
2016-02-01 21:00:00,29098,drift,Global
2016-02-01 22:00:00,29162,warning,Global
2016-02-02 09:00:00,202498,drift,Manhattan
2016-02-02 09:00:00,202562,warning,Manhattan
2016-02-02 12:00:00,29498,drift,Global
2016-02-02 13:00:00,29562,warning,Global
2016-02-02 14:00:00,3844,warning,Queens
2016-02-02 18:00:00,205498,drift,Manhattan
2016-02-02 18:00:00,205594,warning,Manhattan
2016-02-02 21:00:00,29898,drift,Global
2016-02-02 21:00:00,29930,warning,Global
2016-02-03 03:00:00,3898,drift,Queens
2016-02-03 07:00:00,30298,drift,Global
2016-02-03 07:00:00,208498,drift,Manhattan
2016-02-03 08:00:00,208626,warning,Manhattan
2016-02-03 11:00:00,30394,warning,Global
2016-02-03 15:00:00,211498,drift,Manhattan
2016-02-03 16:00:00,211626,warning,Manhattan
2016-02-03 19:00:00,30698,drift,Global
2016-02-03 20:00:00,30762,warning,Global
2016-02-04 00:00:00,214498,drift,Manhattan
2016-02-04 01:00:00,214658,warning,Manhattan
2016-02-04 03:00:00,31098,drift,Global
2016-02-04 08:00:00,31226,warning,Global
2016-02-04 11:00:00,4026,warning,Queens
2016-02-04 13:00:00,217498,drift,Manhattan
2016-02-04 13:00:00,217626,warning,Manhattan
2016-02-04 16:00:00,31498,drift,Global
2016-02-04 17:00:00,31562,warning,Global
2016-02-04 21:00:00,220498,drift,Manhattan
2016-02-04 21:00:00,220562,warning,Manhattan
2016-02-04 21:00:00,4078,drift,Queens
2016-02-04 22:00:00,31898,drift,Global
2016-02-05 00:00:00,31994,warning,Global
2016-02-05 06:00:00,2946,warning,Brooklyn
2016-02-05 09:00:00,32298,drift,Global
2016-02-05 10:00:00,223498,drift,Manhattan
2016-02-05 10:00:00,223722,warning,Manhattan
2016-02-05 13:00:00,32394,warning,Global
2016-02-05 15:00:00,4174,warning,Queens
2016-02-05 18:00:00,4198,drift,Queens
2016-02-05 18:00:00,226498,drift,Manhattan
2016-02-05 18:00:00,226626,warning,Manhattan
2016-02-05 20:00:00,32698,drift,Global
2016-02-05 21:00:00,32762,warning,Global
2016-02-05 22:00:00,2998,drift,Brooklyn
2016-02-06 01:00:00,229498,drift,Manhattan
2016-02-06 01:00:00,33098,drift,Global
2016-02-06 02:00:00,229658,warning,Manhattan
2016-02-06 02:00:00,33162,warning,Global
2016-02-06 08:00:00,4262,warning,Queens
2016-02-06 14:00:00,33498,drift,Global
2016-02-06 14:00:00,232498,drift,Manhattan
2016-02-06 14:00:00,232530,warning,Manhattan
2016-02-06 16:00:00,33562,warning,Global
2016-02-06 18:00:00,3126,warning,Brooklyn
2016-02-06 21:00:00,235498,drift,Manhattan
2016-02-06 21:00:00,235562,warning,Manhattan
2016-02-07 00:00:00,33898,drift,Global
2016-02-07 01:00:00,33994,warning,Global
2016-02-07 01:00:00,4348,drift,Queens
2016-02-07 09:00:00,238498,drift,Manhattan
2016-02-07 10:00:00,4380,warning,Queens
2016-02-07 10:00:00,238562,warning,Manhattan
2016-02-07 10:00:00,34298,drift,Global
2016-02-07 15:00:00,34458,warning,Global
2016-02-07 18:00:00,241498,drift,Manhattan
2016-02-07 18:00:00,241626,warning,Manhattan
2016-02-07 19:00:00,34698,drift,Global
2016-02-07 21:00:00,34794,warning,Global
2016-02-08 06:00:00,35098,drift,Global
2016-02-08 09:00:00,244498,drift,Manhattan
2016-02-08 09:00:00,244658,warning,Manhattan
2016-02-08 10:00:00,35194,warning,Global
2016-02-08 12:00:00,4498,drift,Queens
2016-02-08 18:00:00,35498,drift,Global
2016-02-08 18:00:00,247498,drift,Manhattan
2016-02-08 18:00:00,247626,warning,Manhattan
2016-02-08 20:00:00,35594,warning,Global
2016-02-09 02:00:00,35898,drift,Global
2016-02-09 06:00:00,4594,warning,Queens
2016-02-09 07:00:00,35962,warning,Global
2016-02-09 09:00:00,250498,drift,Manhattan
2016-02-09 09:00:00,250626,warning,Manhattan
2016-02-09 16:00:00,4648,drift,Queens
2016-02-09 17:00:00,253498,drift,Manhattan
2016-02-09 18:00:00,253626,warning,Manhattan
2016-02-09 18:00:00,36298,drift,Global
2016-02-09 19:00:00,36362,warning,Global
2016-02-09 21:00:00,3438,drift,Brooklyn
2016-02-10 01:00:00,36698,drift,Global
2016-02-10 02:00:00,36730,warning,Global
2016-02-10 07:00:00,256498,drift,Manhattan
2016-02-10 07:00:00,256626,warning,Manhattan
2016-02-10 15:00:00,259498,drift,Manhattan
2016-02-10 15:00:00,37098,drift,Global
2016-02-10 15:00:00,259530,warning,Manhattan
2016-02-10 16:00:00,37162,warning,Global
2016-02-10 22:00:00,37498,drift,Global
2016-02-10 22:00:00,262498,drift,Manhattan
2016-02-10 22:00:00,262530,warning,Manhattan
2016-02-10 23:00:00,37594,warning,Global
2016-02-11 00:00:00,4776,warning,Queens
2016-02-11 09:00:00,37898,drift,Global
2016-02-11 11:00:00,265498,drift,Manhattan
2016-02-11 11:00:00,37962,warning,Global
2016-02-11 11:00:00,265626,warning,Manhattan
2016-02-11 18:00:00,4858,drift,Queens
2016-02-11 18:00:00,268498,drift,Manhattan
2016-02-11 19:00:00,268626,warning,Manhattan
2016-02-11 19:00:00,38298,drift,Global
2016-02-11 21:00:00,38394,warning,Global
2016-02-11 23:00:00,3598,warning,Brooklyn
2016-02-12 00:00:00,38698,drift,Global
2016-02-12 01:00:00,38762,warning,Global
2016-02-12 06:00:00,271498,drift,Manhattan
2016-02-12 06:00:00,271530,warning,Manhattan
2016-02-12 07:00:00,4922,warning,Queens
2016-02-12 11:00:00,39098,drift,Global
2016-02-12 14:00:00,274498,drift,Manhattan
2016-02-12 14:00:00,39226,warning,Global
2016-02-12 14:00:00,4948,drift,Queens
2016-02-12 14:00:00,274690,warning,Manhattan
2016-02-12 19:00:00,39498,drift,Global
2016-02-12 21:00:00,277498,drift,Manhattan
2016-02-12 21:00:00,277626,warning,Manhattan
2016-02-12 21:00:00,39626,warning,Global
2016-02-13 00:00:00,3698,drift,Brooklyn
2016-02-13 01:00:00,39898,drift,Global
2016-02-13 02:00:00,39962,warning,Global
2016-02-13 10:00:00,280498,drift,Manhattan
2016-02-13 10:00:00,280626,warning,Manhattan
2016-02-13 12:00:00,40298,drift,Global
2016-02-13 14:00:00,40394,warning,Global
2016-02-13 17:00:00,283498,drift,Manhattan
2016-02-13 17:00:00,283626,warning,Manhattan
2016-02-13 21:00:00,3826,warning,Brooklyn
2016-02-13 22:00:00,40698,drift,Global
2016-02-13 22:00:00,3838,drift,Brooklyn
2016-02-13 23:00:00,40730,warning,Global
2016-02-13 23:00:00,286498,drift,Manhattan
2016-02-13 23:00:00,286626,warning,Manhattan
2016-02-14 04:00:00,5140,warning,Queens
2016-02-14 04:00:00,3902,warning,Brooklyn
2016-02-14 07:00:00,41098,drift,Global
2016-02-14 09:00:00,41162,warning,Global
2016-02-14 11:00:00,3918,drift,Brooklyn
2016-02-14 12:00:00,289498,drift,Manhattan
2016-02-14 13:00:00,289594,warning,Manhattan
2016-02-14 15:00:00,5188,drift,Queens
2016-02-14 17:00:00,41498,drift,Global
2016-02-14 19:00:00,41562,warning,Global
2016-02-14 19:00:00,292498,drift,Manhattan
2016-02-14 20:00:00,292626,warning,Manhattan
2016-02-15 02:00:00,41898,drift,Global
2016-02-15 06:00:00,5284,warning,Queens
2016-02-15 07:00:00,42026,warning,Global
2016-02-15 10:00:00,295498,drift,Manhattan
2016-02-15 11:00:00,295658,warning,Manhattan
2016-02-15 14:00:00,42298,drift,Global
2016-02-15 17:00:00,42426,warning,Global
2016-02-15 18:00:00,298498,drift,Manhattan
2016-02-15 19:00:00,298690,warning,Manhattan
2016-02-15 22:00:00,42698,drift,Global
2016-02-15 23:00:00,42762,warning,Global
2016-02-16 00:00:00,4078,warning,Brooklyn
2016-02-16 03:00:00,5428,drift,Queens
2016-02-16 09:00:00,43098,drift,Global
2016-02-16 09:00:00,301498,drift,Manhattan
2016-02-16 10:00:00,301626,warning,Manhattan
2016-02-16 11:00:00,43194,warning,Global
2016-02-16 18:00:00,304498,drift,Manhattan
2016-02-16 18:00:00,304594,warning,Manhattan
2016-02-16 19:00:00,43498,drift,Global
2016-02-16 21:00:00,43594,warning,Global
2016-02-17 00:00:00,4138,drift,Brooklyn
2016-02-17 01:00:00,5556,warning,Queens
2016-02-17 01:00:00,43898,drift,Global
2016-02-17 07:00:00,44026,warning,Global
2016-02-17 08:00:00,307498,drift,Manhattan
2016-02-17 08:00:00,307594,warning,Manhattan
2016-02-17 14:00:00,44298,drift,Global
2016-02-17 15:00:00,44362,warning,Global
2016-02-17 16:00:00,310498,drift,Manhattan
2016-02-17 17:00:00,310594,warning,Manhattan
2016-02-17 22:00:00,44698,drift,Global
2016-02-17 23:00:00,44794,warning,Global
2016-02-18 00:00:00,313498,drift,Manhattan
2016-02-18 01:00:00,313658,warning,Manhattan
2016-02-18 09:00:00,45098,drift,Global
2016-02-18 11:00:00,45162,warning,Global
2016-02-18 13:00:00,316498,drift,Manhattan
2016-02-18 14:00:00,316626,warning,Manhattan
2016-02-18 17:00:00,5728,drift,Queens
2016-02-18 19:00:00,45498,drift,Global
2016-02-18 20:00:00,319498,drift,Manhattan
2016-02-18 21:00:00,45594,warning,Global
2016-02-18 21:00:00,319658,warning,Manhattan
2016-02-18 21:00:00,4266,warning,Brooklyn
2016-02-18 23:00:00,5760,warning,Queens
2016-02-19 00:00:00,45898,drift,Global
2016-02-19 02:00:00,45962,warning,Global
2016-02-19 06:00:00,5788,drift,Queens
2016-02-19 07:00:00,4318,drift,Brooklyn
2016-02-19 09:00:00,322498,drift,Manhattan
2016-02-19 09:00:00,322594,warning,Manhattan
2016-02-19 14:00:00,46298,drift,Global
2016-02-19 16:00:00,46394,warning,Global
2016-02-19 17:00:00,325498,drift,Manhattan
2016-02-19 18:00:00,325594,warning,Manhattan
2016-02-19 21:00:00,46698,drift,Global
2016-02-19 22:00:00,4350,warning,Brooklyn
2016-02-19 23:00:00,46794,warning,Global
2016-02-19 23:00:00,4358,drift,Brooklyn
2016-02-20 00:00:00,328498,drift,Manhattan
2016-02-20 00:00:00,328690,warning,Manhattan
2016-02-20 03:00:00,47098,drift,Global
2016-02-20 06:00:00,47194,warning,Global
2016-02-20 11:00:00,5948,warning,Queens
2016-02-20 12:00:00,4422,warning,Brooklyn
2016-02-20 13:00:00,331498,drift,Manhattan
2016-02-20 13:00:00,331594,warning,Manhattan
2016-02-20 17:00:00,47498,drift,Global
2016-02-20 18:00:00,5998,drift,Queens
2016-02-20 18:00:00,47562,warning,Global
2016-02-20 20:00:00,334498,drift,Manhattan
2016-02-20 20:00:00,334626,warning,Manhattan
2016-02-21 00:00:00,4498,drift,Brooklyn
2016-02-21 00:00:00,47898,drift,Global
2016-02-21 01:00:00,47962,warning,Global
2016-02-21 04:00:00,337498,drift,Manhattan
2016-02-21 05:00:00,6062,warning,Queens
2016-02-21 07:00:00,337658,warning,Manhattan
2016-02-21 10:00:00,48298,drift,Global
2016-02-21 11:00:00,6088,drift,Queens
2016-02-21 13:00:00,48394,warning,Global
2016-02-21 17:00:00,340498,drift,Manhattan
2016-02-21 17:00:00,340658,warning,Manhattan
2016-02-21 19:00:00,48698,drift,Global
2016-02-21 20:00:00,48762,warning,Global
2016-02-22 06:00:00,49098,drift,Global
2016-02-22 08:00:00,49162,warning,Global
2016-02-22 08:00:00,6184,warning,Queens
2016-02-22 08:00:00,343498,drift,Manhattan
2016-02-22 09:00:00,343562,warning,Manhattan
2016-02-22 17:00:00,49498,drift,Global
2016-02-22 18:00:00,49562,warning,Global
2016-02-22 18:00:00,346498,drift,Manhattan
2016-02-22 18:00:00,346562,warning,Manhattan
2016-02-23 00:00:00,6268,drift,Queens
2016-02-23 00:00:00,49898,drift,Global
2016-02-23 04:00:00,49962,warning,Global
2016-02-23 08:00:00,349498,drift,Manhattan
2016-02-23 08:00:00,349594,warning,Manhattan
2016-02-23 15:00:00,50298,drift,Global
2016-02-23 15:00:00,352498,drift,Manhattan
2016-02-23 16:00:00,352690,warning,Manhattan
2016-02-23 17:00:00,50362,warning,Global
2016-02-23 18:00:00,6332,warning,Queens
2016-02-23 22:00:00,50698,drift,Global
2016-02-23 23:00:00,355498,drift,Manhattan
2016-02-23 23:00:00,50762,warning,Global
2016-02-23 23:00:00,355594,warning,Manhattan
2016-02-24 12:00:00,51098,drift,Global
2016-02-24 12:00:00,358498,drift,Manhattan
2016-02-24 12:00:00,358658,warning,Manhattan
2016-02-24 13:00:00,4754,warning,Brooklyn
2016-02-24 14:00:00,51162,warning,Global
2016-02-24 20:00:00,361498,drift,Manhattan
2016-02-24 20:00:00,361626,warning,Manhattan
2016-02-24 21:00:00,51498,drift,Global
2016-02-24 22:00:00,51530,warning,Global
2016-02-24 23:00:00,6478,drift,Queens
2016-02-24 23:00:00,4798,drift,Brooklyn
2016-02-25 07:00:00,51898,drift,Global
2016-02-25 09:00:00,51962,warning,Global
2016-02-25 09:00:00,364498,drift,Manhattan
2016-02-25 09:00:00,364594,warning,Manhattan
2016-02-25 10:00:00,6542,warning,Queens
2016-02-25 15:00:00,6568,drift,Queens
2016-02-25 17:00:00,52298,drift,Global
2016-02-25 17:00:00,367498,drift,Manhattan
2016-02-25 18:00:00,367690,warning,Manhattan
2016-02-25 18:00:00,52362,warning,Global
2016-02-25 23:00:00,52698,drift,Global
2016-02-25 23:00:00,52762,warning,Global
2016-02-26 00:00:00,370498,drift,Manhattan
2016-02-26 01:00:00,370658,warning,Manhattan
2016-02-26 09:00:00,53098,drift,Global
2016-02-26 12:00:00,53226,warning,Global
2016-02-26 13:00:00,373498,drift,Manhattan
2016-02-26 13:00:00,373690,warning,Manhattan
2016-02-26 18:00:00,53498,drift,Global
2016-02-26 20:00:00,376498,drift,Manhattan
2016-02-26 20:00:00,6696,warning,Queens
2016-02-26 20:00:00,376626,warning,Manhattan
2016-02-26 21:00:00,53626,warning,Global
2016-02-27 00:00:00,53898,drift,Global
2016-02-27 00:00:00,53962,warning,Global
2016-02-27 02:00:00,5022,warning,Brooklyn
2016-02-27 08:00:00,379498,drift,Manhattan
2016-02-27 08:00:00,379594,warning,Manhattan
2016-02-27 09:00:00,54298,drift,Global
2016-02-27 12:00:00,5058,drift,Brooklyn
2016-02-27 13:00:00,54426,warning,Global
2016-02-27 16:00:00,382498,drift,Manhattan
2016-02-27 16:00:00,382626,warning,Manhattan
2016-02-27 20:00:00,5098,drift,Brooklyn
2016-02-27 20:00:00,54698,drift,Global
2016-02-27 22:00:00,54794,warning,Global
2016-02-27 23:00:00,385498,drift,Manhattan
2016-02-27 23:00:00,385530,warning,Manhattan
2016-02-28 00:00:00,5162,warning,Brooklyn
2016-02-28 02:00:00,5198,drift,Brooklyn
2016-02-28 02:00:00,55098,drift,Global
2016-02-28 04:00:00,55162,warning,Global
2016-02-28 09:00:00,6898,drift,Queens
2016-02-28 11:00:00,388498,drift,Manhattan
2016-02-28 12:00:00,388658,warning,Manhattan
2016-02-28 13:00:00,55498,drift,Global
2016-02-28 14:00:00,55562,warning,Global
2016-02-28 20:00:00,391498,drift,Manhattan
2016-02-28 20:00:00,55898,drift,Global
2016-02-28 20:00:00,391626,warning,Manhattan
2016-02-28 23:00:00,56058,warning,Global
2016-02-29 02:00:00,6994,warning,Queens
2016-02-29 06:00:00,56298,drift,Global
2016-02-29 08:00:00,56362,warning,Global
2016-02-29 11:00:00,7048,drift,Queens
2016-02-29 11:00:00,394498,drift,Manhattan
2016-02-29 12:00:00,394626,warning,Manhattan
2016-02-29 16:00:00,56698,drift,Global
2016-02-29 18:00:00,56762,warning,Global
2016-02-29 20:00:00,397498,drift,Manhattan
2016-02-29 21:00:00,397658,warning,Manhattan
2016-03-01 00:00:00,57098,drift,Global
2016-03-01 06:00:00,57194,warning,Global
2016-03-01 07:00:00,7176,warning,Queens
2016-03-01 11:00:00,400498,drift,Manhattan
2016-03-01 11:00:00,400722,warning,Manhattan
2016-03-01 15:00:00,57498,drift,Global
2016-03-01 17:00:00,57562,warning,Global
2016-03-01 18:00:00,7228,drift,Queens
2016-03-01 19:00:00,403498,drift,Manhattan
2016-03-01 19:00:00,403658,warning,Manhattan
2016-03-01 19:00:00,5422,warning,Brooklyn
2016-03-01 21:00:00,5438,drift,Brooklyn
2016-03-01 22:00:00,57898,drift,Global
2016-03-02 03:00:00,58090,warning,Global
2016-03-02 08:00:00,406498,drift,Manhattan
2016-03-02 09:00:00,406594,warning,Manhattan
2016-03-02 11:00:00,58298,drift,Global
2016-03-02 14:00:00,58394,warning,Global
2016-03-02 17:00:00,409498,drift,Manhattan
2016-03-02 17:00:00,409690,warning,Manhattan
2016-03-02 20:00:00,58698,drift,Global
2016-03-02 21:00:00,58762,warning,Global
2016-03-02 23:00:00,412498,drift,Manhattan
2016-03-03 00:00:00,412626,warning,Manhattan
2016-03-03 02:00:00,5566,warning,Brooklyn
2016-03-03 06:00:00,59098,drift,Global
2016-03-03 06:00:00,5578,drift,Brooklyn
2016-03-03 07:00:00,7388,warning,Queens
2016-03-03 09:00:00,59194,warning,Global
2016-03-03 12:00:00,415498,drift,Manhattan
2016-03-03 12:00:00,415594,warning,Manhattan
2016-03-03 16:00:00,59498,drift,Global
2016-03-03 18:00:00,59562,warning,Global
2016-03-03 19:00:00,418498,drift,Manhattan
2016-03-03 20:00:00,418658,warning,Manhattan
2016-03-03 21:00:00,5610,warning,Brooklyn
2016-03-03 22:00:00,5618,drift,Brooklyn
2016-03-03 22:00:00,59898,drift,Global
2016-03-03 23:00:00,59962,warning,Global
2016-03-04 08:00:00,60298,drift,Global
2016-03-04 08:00:00,421498,drift,Manhattan
2016-03-04 08:00:00,421562,warning,Manhattan
2016-03-04 08:00:00,7498,drift,Queens
2016-03-04 09:00:00,60330,warning,Global
2016-03-04 16:00:00,424498,drift,Manhattan
2016-03-04 16:00:00,424754,warning,Manhattan
2016-03-04 17:00:00,60698,drift,Global
2016-03-04 19:00:00,60762,warning,Global
2016-03-04 20:00:00,5698,drift,Brooklyn
2016-03-04 22:00:00,427498,drift,Manhattan
2016-03-04 22:00:00,427690,warning,Manhattan
2016-03-04 23:00:00,61098,drift,Global
2016-03-05 00:00:00,61162,warning,Global
2016-03-05 00:00:00,7594,warning,Queens
2016-03-05 05:00:00,7618,drift,Queens
2016-03-05 08:00:00,61498,drift,Global
2016-03-05 11:00:00,430498,drift,Manhattan
2016-03-05 11:00:00,430594,warning,Manhattan
2016-03-05 14:00:00,61658,warning,Global
2016-03-05 16:00:00,5826,warning,Brooklyn
2016-03-05 17:00:00,433498,drift,Manhattan
2016-03-05 17:00:00,433530,warning,Manhattan
2016-03-05 20:00:00,61898,drift,Global
2016-03-05 21:00:00,5858,drift,Brooklyn
2016-03-05 21:00:00,61962,warning,Global
2016-03-06 00:00:00,436498,drift,Manhattan
2016-03-06 00:00:00,436594,warning,Manhattan
2016-03-06 02:00:00,62298,drift,Global
2016-03-06 03:00:00,62394,warning,Global
2016-03-06 07:00:00,7778,warning,Queens
2016-03-06 12:00:00,439498,drift,Manhattan
2016-03-06 12:00:00,62698,drift,Global
2016-03-06 12:00:00,439594,warning,Manhattan
2016-03-06 14:00:00,62794,warning,Global
2016-03-06 19:00:00,5978,drift,Brooklyn
2016-03-06 20:00:00,63098,drift,Global
2016-03-06 20:00:00,442498,drift,Manhattan
2016-03-06 21:00:00,442562,warning,Manhattan
2016-03-06 22:00:00,63194,warning,Global
2016-03-07 01:00:00,6010,warning,Brooklyn
2016-03-07 02:00:00,7888,drift,Queens
2016-03-07 08:00:00,6018,drift,Brooklyn
2016-03-07 08:00:00,63498,drift,Global
2016-03-07 09:00:00,63530,warning,Global
2016-03-07 12:00:00,445498,drift,Manhattan
2016-03-07 12:00:00,445594,warning,Manhattan
2016-03-07 19:00:00,63898,drift,Global
2016-03-07 20:00:00,448498,drift,Manhattan
2016-03-07 20:00:00,448530,warning,Manhattan
2016-03-07 20:00:00,63994,warning,Global
2016-03-07 22:00:00,7978,drift,Queens
2016-03-08 02:00:00,6078,drift,Brooklyn
2016-03-08 05:00:00,64298,drift,Global
2016-03-08 06:00:00,64330,warning,Global
2016-03-08 11:00:00,451498,drift,Manhattan
2016-03-08 11:00:00,451690,warning,Manhattan
2016-03-08 16:00:00,64698,drift,Global
2016-03-08 18:00:00,8074,warning,Queens
2016-03-08 19:00:00,64826,warning,Global
2016-03-08 19:00:00,454498,drift,Manhattan
2016-03-08 19:00:00,454594,warning,Manhattan
2016-03-08 22:00:00,8098,drift,Queens
2016-03-08 23:00:00,65098,drift,Global
2016-03-08 23:00:00,65162,warning,Global
2016-03-09 08:00:00,457498,drift,Manhattan
2016-03-09 09:00:00,457594,warning,Manhattan
2016-03-09 10:00:00,65498,drift,Global
2016-03-09 12:00:00,65562,warning,Global
2016-03-09 17:00:00,460498,drift,Manhattan
2016-03-09 18:00:00,460594,warning,Manhattan
2016-03-09 19:00:00,65898,drift,Global
2016-03-09 20:00:00,8194,warning,Queens
2016-03-09 20:00:00,65962,warning,Global
2016-03-10 00:00:00,66298,drift,Global
2016-03-10 02:00:00,66362,warning,Global
2016-03-10 06:00:00,463498,drift,Manhattan
2016-03-10 06:00:00,463594,warning,Manhattan
2016-03-10 08:00:00,8248,drift,Queens
2016-03-10 13:00:00,66698,drift,Global
2016-03-10 14:00:00,66730,warning,Global
2016-03-10 14:00:00,466498,drift,Manhattan
2016-03-10 14:00:00,466594,warning,Manhattan
2016-03-10 21:00:00,67098,drift,Global
2016-03-10 22:00:00,469498,drift,Manhattan
2016-03-10 22:00:00,469594,warning,Manhattan
2016-03-10 22:00:00,67226,warning,Global
2016-03-10 22:00:00,8312,warning,Queens
2016-03-11 02:00:00,67498,drift,Global
2016-03-11 05:00:00,67562,warning,Global
2016-03-11 10:00:00,472498,drift,Manhattan
2016-03-11 11:00:00,472626,warning,Manhattan
2016-03-11 14:00:00,67898,drift,Global
2016-03-11 15:00:00,67962,warning,Global
2016-03-11 17:00:00,8398,drift,Queens
2016-03-11 18:00:00,475498,drift,Manhattan
2016-03-11 19:00:00,475594,warning,Manhattan
2016-03-11 19:00:00,6334,warning,Brooklyn
2016-03-11 22:00:00,68298,drift,Global
2016-03-11 22:00:00,6358,drift,Brooklyn
2016-03-11 23:00:00,68362,warning,Global
2016-03-12 01:00:00,478498,drift,Manhattan
2016-03-12 02:00:00,478722,warning,Manhattan
2016-03-12 03:00:00,68698,drift,Global
2016-03-12 04:00:00,8462,warning,Queens
2016-03-12 05:00:00,68794,warning,Global
2016-03-12 09:00:00,8488,drift,Queens
2016-03-12 14:00:00,481498,drift,Manhattan
2016-03-12 14:00:00,481562,warning,Manhattan
2016-03-12 14:00:00,69098,drift,Global
2016-03-12 16:00:00,69194,warning,Global
2016-03-12 20:00:00,6478,drift,Brooklyn
2016-03-12 21:00:00,484498,drift,Manhattan
2016-03-12 21:00:00,484530,warning,Manhattan
2016-03-12 23:00:00,69498,drift,Global
2016-03-13 00:00:00,6510,warning,Brooklyn
2016-03-13 00:00:00,69594,warning,Global
2016-03-13 00:00:00,6518,drift,Brooklyn
2016-03-13 03:00:00,8584,warning,Queens
2016-03-13 05:00:00,69898,drift,Global
2016-03-13 07:00:00,8608,drift,Queens
2016-03-13 08:00:00,69994,warning,Global
2016-03-13 09:00:00,487498,drift,Manhattan
2016-03-13 09:00:00,487562,warning,Manhattan
2016-03-13 14:00:00,6614,warning,Brooklyn
2016-03-13 15:00:00,70298,drift,Global
2016-03-13 16:00:00,70362,warning,Global
2016-03-13 18:00:00,490498,drift,Manhattan
2016-03-13 18:00:00,490562,warning,Manhattan
2016-03-13 22:00:00,70698,drift,Global
2016-03-14 00:00:00,8704,warning,Queens
2016-03-14 00:00:00,70794,warning,Global
2016-03-14 07:00:00,6678,drift,Brooklyn
2016-03-14 09:00:00,493498,drift,Manhattan
2016-03-14 10:00:00,493658,warning,Manhattan
2016-03-14 10:00:00,71098,drift,Global
2016-03-14 13:00:00,71194,warning,Global
2016-03-14 17:00:00,496498,drift,Manhattan
2016-03-14 18:00:00,496562,warning,Manhattan
2016-03-14 19:00:00,71498,drift,Global
2016-03-14 21:00:00,71562,warning,Global
2016-03-15 05:00:00,71898,drift,Global
2016-03-15 07:00:00,499498,drift,Manhattan
2016-03-15 07:00:00,499530,warning,Manhattan
2016-03-15 07:00:00,71962,warning,Global
2016-03-15 08:00:00,8848,drift,Queens
2016-03-15 08:00:00,6774,warning,Brooklyn
2016-03-15 15:00:00,502498,drift,Manhattan
2016-03-15 16:00:00,502658,warning,Manhattan
2016-03-15 16:00:00,72298,drift,Global
2016-03-15 18:00:00,72362,warning,Global
2016-03-15 23:00:00,505498,drift,Manhattan
2016-03-15 23:00:00,72698,drift,Global
2016-03-15 23:00:00,505658,warning,Manhattan
2016-03-16 00:00:00,72762,warning,Global
2016-03-16 12:00:00,73098,drift,Global
2016-03-16 12:00:00,508498,drift,Manhattan
2016-03-16 13:00:00,508658,warning,Manhattan
2016-03-16 13:00:00,73162,warning,Global
2016-03-16 20:00:00,511498,drift,Manhattan
2016-03-16 20:00:00,9040,warning,Queens
2016-03-16 20:00:00,511594,warning,Manhattan
2016-03-16 20:00:00,73498,drift,Global
2016-03-16 22:00:00,73626,warning,Global
2016-03-17 04:00:00,9088,drift,Queens
2016-03-17 05:00:00,73898,drift,Global
2016-03-17 09:00:00,74026,warning,Global
2016-03-17 09:00:00,514498,drift,Manhattan
2016-03-17 10:00:00,514594,warning,Manhattan
2016-03-17 15:00:00,74298,drift,Global
2016-03-17 17:00:00,74362,warning,Global
2016-03-17 18:00:00,517498,drift,Manhattan
2016-03-17 19:00:00,517626,warning,Manhattan
2016-03-17 22:00:00,74698,drift,Global
2016-03-17 22:00:00,74762,warning,Global
2016-03-18 03:00:00,75098,drift,Global
2016-03-18 05:00:00,75162,warning,Global
2016-03-18 05:00:00,520498,drift,Manhattan
2016-03-18 06:00:00,520626,warning,Manhattan
2016-03-18 09:00:00,9248,warning,Queens
2016-03-18 14:00:00,75498,drift,Global
2016-03-18 14:00:00,523498,drift,Manhattan
2016-03-18 15:00:00,75562,warning,Global
2016-03-18 15:00:00,523626,warning,Manhattan
2016-03-18 21:00:00,75898,drift,Global
2016-03-18 21:00:00,526498,drift,Manhattan
2016-03-18 22:00:00,526722,warning,Manhattan
2016-03-18 23:00:00,76058,warning,Global
2016-03-19 02:00:00,76298,drift,Global
2016-03-19 03:00:00,76362,warning,Global
2016-03-19 03:00:00,7158,drift,Brooklyn
2016-03-19 10:00:00,529498,drift,Manhattan
2016-03-19 11:00:00,529690,warning,Manhattan
2016-03-19 14:00:00,76698,drift,Global
2016-03-19 15:00:00,76794,warning,Global
2016-03-19 18:00:00,532498,drift,Manhattan
2016-03-19 18:00:00,532562,warning,Manhattan
2016-03-19 22:00:00,77098,drift,Global
2016-03-19 22:00:00,9448,drift,Queens
2016-03-20 00:00:00,77226,warning,Global
2016-03-20 00:00:00,535498,drift,Manhattan
2016-03-20 01:00:00,535658,warning,Manhattan
2016-03-20 03:00:00,77498,drift,Global
2016-03-20 05:00:00,77594,warning,Global
2016-03-20 09:00:00,7350,warning,Brooklyn
2016-03-20 13:00:00,538498,drift,Manhattan
2016-03-20 13:00:00,538562,warning,Manhattan
2016-03-20 14:00:00,77898,drift,Global
2016-03-20 15:00:00,77962,warning,Global
2016-03-20 17:00:00,9576,warning,Queens
2016-03-20 20:00:00,7398,drift,Brooklyn
2016-03-20 21:00:00,78298,drift,Global
2016-03-20 22:00:00,541498,drift,Manhattan
2016-03-20 22:00:00,541562,warning,Manhattan
2016-03-20 23:00:00,78426,warning,Global
2016-03-21 09:00:00,78698,drift,Global
2016-03-21 11:00:00,78762,warning,Global
2016-03-21 13:00:00,544498,drift,Manhattan
2016-03-21 14:00:00,544594,warning,Manhattan
2016-03-21 19:00:00,79098,drift,Global
2016-03-21 20:00:00,79162,warning,Global
2016-03-21 22:00:00,547498,drift,Manhattan
2016-03-21 23:00:00,547818,warning,Manhattan
2016-03-22 04:00:00,79498,drift,Global
2016-03-22 08:00:00,79594,warning,Global
2016-03-22 12:00:00,550498,drift,Manhattan
2016-03-22 13:00:00,550658,warning,Manhattan
2016-03-22 13:00:00,9808,drift,Queens
2016-03-22 16:00:00,79898,drift,Global
2016-03-22 18:00:00,79962,warning,Global
2016-03-22 21:00:00,553498,drift,Manhattan
2016-03-22 21:00:00,553754,warning,Manhattan
2016-03-22 23:00:00,80298,drift,Global
2016-03-23 00:00:00,80362,warning,Global
2016-03-23 11:00:00,556498,drift,Manhattan
2016-03-23 11:00:00,556754,warning,Manhattan
2016-03-23 13:00:00,80698,drift,Global
2016-03-23 14:00:00,7590,warning,Brooklyn
2016-03-23 14:00:00,80762,warning,Global
2016-03-23 19:00:00,559498,drift,Manhattan
2016-03-23 20:00:00,559626,warning,Manhattan
2016-03-23 20:00:00,81098,drift,Global
2016-03-23 21:00:00,81130,warning,Global
2016-03-23 21:00:00,9968,warning,Queens
2016-03-24 04:00:00,81498,drift,Global
2016-03-24 08:00:00,562498,drift,Manhattan
2016-03-24 09:00:00,562626,warning,Manhattan
2016-03-24 09:00:00,10018,drift,Queens
2016-03-24 10:00:00,81658,warning,Global
2016-03-24 15:00:00,81898,drift,Global
2016-03-24 16:00:00,81962,warning,Global
2016-03-24 17:00:00,565498,drift,Manhattan
2016-03-24 18:00:00,565754,warning,Manhattan
2016-03-24 21:00:00,10082,warning,Queens
2016-03-24 22:00:00,82298,drift,Global
2016-03-24 23:00:00,82394,warning,Global
2016-03-25 00:00:00,568498,drift,Manhattan
2016-03-25 01:00:00,568658,warning,Manhattan
2016-03-25 04:00:00,82698,drift,Global
2016-03-25 07:00:00,82794,warning,Global
2016-03-25 08:00:00,7758,drift,Brooklyn
2016-03-25 10:00:00,10168,drift,Queens
2016-03-25 14:00:00,571498,drift,Manhattan
2016-03-25 14:00:00,571562,warning,Manhattan
2016-03-25 16:00:00,83098,drift,Global
2016-03-25 17:00:00,10200,warning,Queens
2016-03-25 18:00:00,83194,warning,Global
2016-03-25 21:00:00,574498,drift,Manhattan
2016-03-25 22:00:00,574626,warning,Manhattan
2016-03-25 23:00:00,10228,drift,Queens
2016-03-25 23:00:00,83498,drift,Global
2016-03-26 00:00:00,83562,warning,Global
2016-03-26 03:00:00,7878,drift,Brooklyn
2016-03-26 08:00:00,83898,drift,Global
2016-03-26 10:00:00,83962,warning,Global
2016-03-26 10:00:00,577498,drift,Manhattan
2016-03-26 11:00:00,577626,warning,Manhattan
2016-03-26 17:00:00,10324,warning,Queens
2016-03-26 18:00:00,580498,drift,Manhattan
2016-03-26 19:00:00,580594,warning,Manhattan
2016-03-26 19:00:00,84298,drift,Global
2016-03-26 22:00:00,84458,warning,Global
2016-03-27 01:00:00,7974,warning,Brooklyn
2016-03-27 01:00:00,7978,drift,Brooklyn
2016-03-27 02:00:00,84698,drift,Global
2016-03-27 03:00:00,84762,warning,Global
2016-03-27 03:00:00,583498,drift,Manhattan
2016-03-27 03:00:00,583594,warning,Manhattan
2016-03-27 13:00:00,85098,drift,Global
2016-03-27 15:00:00,85194,warning,Global
2016-03-27 16:00:00,10468,drift,Queens
2016-03-27 17:00:00,586498,drift,Manhattan
2016-03-27 17:00:00,586722,warning,Manhattan
2016-03-27 20:00:00,85498,drift,Global
2016-03-27 21:00:00,85562,warning,Global
2016-03-28 00:00:00,10528,drift,Queens
2016-03-28 07:00:00,85898,drift,Global
2016-03-28 08:00:00,589498,drift,Manhattan
2016-03-28 08:00:00,589562,warning,Manhattan
2016-03-28 09:00:00,85962,warning,Global
2016-03-28 13:00:00,10592,warning,Queens
2016-03-28 17:00:00,592498,drift,Manhattan
2016-03-28 18:00:00,86298,drift,Global
2016-03-28 18:00:00,592690,warning,Manhattan
2016-03-28 19:00:00,86394,warning,Global
2016-03-28 19:00:00,8138,warning,Brooklyn
2016-03-29 00:00:00,86698,drift,Global
2016-03-29 02:00:00,86762,warning,Global
2016-03-29 05:00:00,10678,drift,Queens
2016-03-29 08:00:00,8178,drift,Brooklyn
2016-03-29 08:00:00,595498,drift,Manhattan
2016-03-29 08:00:00,595594,warning,Manhattan
2016-03-29 11:00:00,10710,warning,Queens
2016-03-29 14:00:00,87098,drift,Global
2016-03-29 16:00:00,10738,drift,Queens
2016-03-29 16:00:00,87162,warning,Global
2016-03-29 16:00:00,598498,drift,Manhattan
2016-03-29 17:00:00,598594,warning,Manhattan
2016-03-29 22:00:00,87498,drift,Global
2016-03-29 23:00:00,87594,warning,Global
2016-03-30 01:00:00,601498,drift,Manhattan
2016-03-30 06:00:00,601754,warning,Manhattan
2016-03-30 10:00:00,87898,drift,Global
2016-03-30 12:00:00,87962,warning,Global
2016-03-30 14:00:00,604498,drift,Manhattan
2016-03-30 15:00:00,604722,warning,Manhattan
2016-03-30 19:00:00,10888,drift,Queens
2016-03-30 20:00:00,88298,drift,Global
2016-03-30 21:00:00,88362,warning,Global
2016-03-30 21:00:00,607498,drift,Manhattan
2016-03-30 22:00:00,607626,warning,Manhattan
2016-03-31 03:00:00,88698,drift,Global
2016-03-31 06:00:00,88762,warning,Global
2016-03-31 11:00:00,610498,drift,Manhattan
2016-03-31 11:00:00,610594,warning,Manhattan
2016-03-31 15:00:00,89098,drift,Global
2016-03-31 16:00:00,89130,warning,Global
2016-03-31 17:00:00,10984,warning,Queens
2016-03-31 18:00:00,8370,warning,Brooklyn
2016-03-31 19:00:00,613498,drift,Manhattan
2016-03-31 19:00:00,613530,warning,Manhattan
2016-03-31 21:00:00,8378,drift,Brooklyn
2016-03-31 22:00:00,89498,drift,Global
2016-03-31 23:00:00,89562,warning,Global
2016-04-01 07:00:00,89898,drift,Global
2016-04-01 08:00:00,616498,drift,Manhattan
2016-04-01 08:00:00,616594,warning,Manhattan
2016-04-01 09:00:00,89962,warning,Global
2016-04-01 10:00:00,11068,drift,Queens
2016-04-01 17:00:00,619498,drift,Manhattan
2016-04-01 17:00:00,619594,warning,Manhattan
2016-04-01 17:00:00,90298,drift,Global
2016-04-01 19:00:00,90362,warning,Global
2016-04-01 20:00:00,8474,warning,Brooklyn
2016-04-01 20:00:00,11132,warning,Queens
2016-04-01 21:00:00,8478,drift,Brooklyn
2016-04-02 00:00:00,622498,drift,Manhattan
2016-04-02 00:00:00,90698,drift,Global
2016-04-02 00:00:00,622722,warning,Manhattan
2016-04-02 00:00:00,90762,warning,Global
2016-04-02 06:00:00,91098,drift,Global
2016-04-02 11:00:00,91226,warning,Global
2016-04-02 12:00:00,625498,drift,Manhattan
2016-04-02 12:00:00,625658,warning,Manhattan
2016-04-02 18:00:00,91498,drift,Global
2016-04-02 19:00:00,628498,drift,Manhattan
2016-04-02 19:00:00,628626,warning,Manhattan
2016-04-02 20:00:00,8598,drift,Brooklyn
2016-04-02 20:00:00,91594,warning,Global
2016-04-03 01:00:00,91898,drift,Global
2016-04-03 02:00:00,91994,warning,Global
2016-04-03 03:00:00,631498,drift,Manhattan
2016-04-03 03:00:00,631530,warning,Manhattan
2016-04-03 04:00:00,11338,drift,Queens
2016-04-03 10:00:00,11370,warning,Queens
2016-04-03 11:00:00,92298,drift,Global
2016-04-03 13:00:00,92394,warning,Global
2016-04-03 13:00:00,8726,warning,Brooklyn
2016-04-03 14:00:00,11398,drift,Queens
2016-04-03 15:00:00,634498,drift,Manhattan
2016-04-03 15:00:00,634626,warning,Manhattan
2016-04-03 19:00:00,92698,drift,Global
2016-04-03 20:00:00,92762,warning,Global
2016-04-04 06:00:00,93098,drift,Global
2016-04-04 06:00:00,637498,drift,Manhattan
2016-04-04 07:00:00,637658,warning,Manhattan
2016-04-04 07:00:00,93162,warning,Global
2016-04-04 08:00:00,11494,warning,Queens
2016-04-04 15:00:00,640498,drift,Manhattan
2016-04-04 15:00:00,640658,warning,Manhattan
2016-04-04 16:00:00,93498,drift,Global
2016-04-04 17:00:00,93562,warning,Global
2016-04-04 17:00:00,11548,drift,Queens
2016-04-04 22:00:00,643498,drift,Manhattan
2016-04-04 22:00:00,643530,warning,Manhattan
2016-04-04 23:00:00,93898,drift,Global
2016-04-05 00:00:00,93962,warning,Global
2016-04-05 11:00:00,11644,warning,Queens
2016-04-05 12:00:00,94298,drift,Global
2016-04-05 12:00:00,646498,drift,Manhattan
2016-04-05 12:00:00,646594,warning,Manhattan
2016-04-05 14:00:00,94394,warning,Global
2016-04-05 19:00:00,8898,drift,Brooklyn
2016-04-05 20:00:00,94698,drift,Global
2016-04-05 20:00:00,649498,drift,Manhattan
2016-04-05 20:00:00,649530,warning,Manhattan
2016-04-05 20:00:00,94762,warning,Global
2016-04-06 02:00:00,95098,drift,Global
2016-04-06 07:00:00,95226,warning,Global
2016-04-06 09:00:00,652498,drift,Manhattan
2016-04-06 10:00:00,652690,warning,Manhattan
2016-04-06 10:00:00,11758,drift,Queens
2016-04-06 15:00:00,95498,drift,Global
2016-04-06 17:00:00,95562,warning,Global
2016-04-06 17:00:00,655498,drift,Manhattan
2016-04-06 18:00:00,655658,warning,Manhattan
2016-04-06 22:00:00,95898,drift,Global
2016-04-06 23:00:00,95962,warning,Global
2016-04-06 23:00:00,11822,warning,Queens
2016-04-07 04:00:00,658498,drift,Manhattan
2016-04-07 06:00:00,658594,warning,Manhattan
2016-04-07 08:00:00,11848,drift,Queens
2016-04-07 08:00:00,96298,drift,Global
2016-04-07 12:00:00,96394,warning,Global
2016-04-07 14:00:00,661498,drift,Manhattan
2016-04-07 14:00:00,661626,warning,Manhattan
2016-04-07 19:00:00,96698,drift,Global
2016-04-07 19:00:00,9058,warning,Brooklyn
2016-04-07 19:00:00,11912,warning,Queens
2016-04-07 20:00:00,96794,warning,Global
2016-04-07 21:00:00,664498,drift,Manhattan
2016-04-07 21:00:00,664626,warning,Manhattan
2016-04-07 23:00:00,97098,drift,Global
2016-04-08 00:00:00,9098,drift,Brooklyn
2016-04-08 01:00:00,97194,warning,Global
2016-04-08 09:00:00,667498,drift,Manhattan
2016-04-08 10:00:00,667626,warning,Manhattan
2016-04-08 10:00:00,97498,drift,Global
2016-04-08 11:00:00,97562,warning,Global
2016-04-08 18:00:00,670498,drift,Manhattan
2016-04-08 18:00:00,670530,warning,Manhattan
2016-04-08 18:00:00,97898,drift,Global
2016-04-08 19:00:00,12058,drift,Queens
2016-04-08 20:00:00,97994,warning,Global
2016-04-09 00:00:00,673498,drift,Manhattan
2016-04-09 00:00:00,98298,drift,Global
2016-04-09 00:00:00,673626,warning,Manhattan
2016-04-09 01:00:00,98362,warning,Global
2016-04-09 10:00:00,98698,drift,Global
2016-04-09 12:00:00,676498,drift,Manhattan
2016-04-09 12:00:00,676530,warning,Manhattan
2016-04-09 13:00:00,98794,warning,Global
2016-04-09 14:00:00,9278,drift,Brooklyn
2016-04-09 17:00:00,12186,warning,Queens
2016-04-09 19:00:00,679498,drift,Manhattan
2016-04-09 19:00:00,679754,warning,Manhattan
2016-04-09 20:00:00,99098,drift,Global
2016-04-10 00:00:00,99290,warning,Global
2016-04-10 00:00:00,12238,drift,Queens
2016-04-10 01:00:00,682498,drift,Manhattan
2016-04-10 02:00:00,682594,warning,Manhattan
2016-04-10 02:00:00,99498,drift,Global
2016-04-10 02:00:00,9398,drift,Brooklyn
2016-04-10 04:00:00,99594,warning,Global
2016-04-10 13:00:00,99898,drift,Global
2016-04-10 14:00:00,685498,drift,Manhattan
2016-04-10 14:00:00,685562,warning,Manhattan
2016-04-10 15:00:00,99994,warning,Global
2016-04-10 16:00:00,12328,drift,Queens
2016-04-10 21:00:00,100298,drift,Global
2016-04-10 22:00:00,688498,drift,Manhattan
2016-04-10 22:00:00,100394,warning,Global
2016-04-10 22:00:00,688530,warning,Manhattan
2016-04-11 08:00:00,100698,drift,Global
2016-04-11 09:00:00,12424,warning,Queens
2016-04-11 11:00:00,100794,warning,Global
2016-04-11 14:00:00,691498,drift,Manhattan
2016-04-11 14:00:00,691562,warning,Manhattan
2016-04-11 18:00:00,101098,drift,Global
2016-04-11 19:00:00,101162,warning,Global
2016-04-11 22:00:00,694498,drift,Manhattan
2016-04-11 22:00:00,694690,warning,Manhattan
2016-04-12 00:00:00,101498,drift,Global
2016-04-12 04:00:00,101562,warning,Global
2016-04-12 11:00:00,697498,drift,Manhattan
2016-04-12 12:00:00,697626,warning,Manhattan
2016-04-12 13:00:00,9618,drift,Brooklyn
2016-04-12 14:00:00,101898,drift,Global
2016-04-12 15:00:00,101962,warning,Global
2016-04-12 19:00:00,700498,drift,Manhattan
2016-04-12 20:00:00,700594,warning,Manhattan
2016-04-12 22:00:00,102298,drift,Global
2016-04-12 23:00:00,102362,warning,Global
2016-04-13 00:00:00,12628,drift,Queens
2016-04-13 08:00:00,703498,drift,Manhattan
2016-04-13 09:00:00,703562,warning,Manhattan
2016-04-13 09:00:00,102698,drift,Global
2016-04-13 11:00:00,102762,warning,Global
2016-04-13 17:00:00,706498,drift,Manhattan
2016-04-13 17:00:00,706562,warning,Manhattan
2016-04-13 19:00:00,103098,drift,Global
2016-04-13 20:00:00,103162,warning,Global
2016-04-13 23:00:00,9746,warning,Brooklyn
2016-04-14 00:00:00,12724,warning,Queens
2016-04-14 01:00:00,103498,drift,Global
2016-04-14 01:00:00,709498,drift,Manhattan
2016-04-14 02:00:00,9778,drift,Brooklyn
2016-04-14 03:00:00,103562,warning,Global
2016-04-14 05:00:00,709658,warning,Manhattan
2016-04-14 05:00:00,12748,drift,Queens
2016-04-14 13:00:00,103898,drift,Global
2016-04-14 13:00:00,712498,drift,Manhattan
2016-04-14 14:00:00,712722,warning,Manhattan
2016-04-14 14:00:00,103962,warning,Global
2016-04-14 18:00:00,12812,warning,Queens
2016-04-14 20:00:00,104298,drift,Global
2016-04-14 21:00:00,715498,drift,Manhattan
2016-04-14 21:00:00,715562,warning,Manhattan
2016-04-14 21:00:00,104394,warning,Global
2016-04-14 22:00:00,12838,drift,Queens
2016-04-15 01:00:00,104698,drift,Global
2016-04-15 04:00:00,104762,warning,Global
2016-04-15 09:00:00,718498,drift,Manhattan
2016-04-15 09:00:00,718626,warning,Manhattan
2016-04-15 13:00:00,105098,drift,Global
2016-04-15 14:00:00,105162,warning,Global
2016-04-15 14:00:00,9898,drift,Brooklyn
2016-04-15 17:00:00,721498,drift,Manhattan
2016-04-15 18:00:00,721530,warning,Manhattan
2016-04-15 18:00:00,12934,warning,Queens
2016-04-15 20:00:00,105498,drift,Global
2016-04-15 21:00:00,105562,warning,Global
2016-04-15 23:00:00,724498,drift,Manhattan
2016-04-16 00:00:00,724626,warning,Manhattan
2016-04-16 01:00:00,105898,drift,Global
2016-04-16 01:00:00,12988,drift,Queens
2016-04-16 02:00:00,105994,warning,Global
2016-04-16 08:00:00,10026,warning,Brooklyn
2016-04-16 10:00:00,106298,drift,Global
2016-04-16 12:00:00,727498,drift,Manhattan
2016-04-16 12:00:00,727562,warning,Manhattan
2016-04-16 12:00:00,13052,warning,Queens
2016-04-16 12:00:00,106362,warning,Global
2016-04-16 19:00:00,730498,drift,Manhattan
2016-04-16 19:00:00,730530,warning,Manhattan
2016-04-16 20:00:00,106698,drift,Global
2016-04-16 21:00:00,13108,drift,Queens
2016-04-16 22:00:00,106794,warning,Global
2016-04-16 23:00:00,10138,drift,Brooklyn
2016-04-17 02:00:00,107098,drift,Global
2016-04-17 02:00:00,733498,drift,Manhattan
2016-04-17 02:00:00,733626,warning,Manhattan
2016-04-17 03:00:00,107194,warning,Global
2016-04-17 10:00:00,10234,warning,Brooklyn
2016-04-17 11:00:00,107498,drift,Global
2016-04-17 12:00:00,107562,warning,Global
2016-04-17 14:00:00,736498,drift,Manhattan
2016-04-17 15:00:00,736594,warning,Manhattan
2016-04-17 18:00:00,107898,drift,Global
2016-04-17 18:00:00,13236,warning,Queens
2016-04-17 18:00:00,107930,warning,Global
2016-04-17 21:00:00,13258,drift,Queens
2016-04-18 00:00:00,10298,drift,Brooklyn
2016-04-18 01:00:00,108298,drift,Global
2016-04-18 03:00:00,739498,drift,Manhattan
2016-04-18 06:00:00,108394,warning,Global
2016-04-18 06:00:00,739690,warning,Manhattan
2016-04-18 13:00:00,108698,drift,Global
2016-04-18 14:00:00,10330,warning,Brooklyn
2016-04-18 15:00:00,742498,drift,Manhattan
2016-04-18 15:00:00,108794,warning,Global
2016-04-18 16:00:00,742690,warning,Manhattan
2016-04-18 18:00:00,10338,drift,Brooklyn
2016-04-18 20:00:00,13386,warning,Queens
2016-04-18 21:00:00,109098,drift,Global
2016-04-18 22:00:00,109162,warning,Global
2016-04-18 23:00:00,745498,drift,Manhattan
2016-04-19 01:00:00,745690,warning,Manhattan
2016-04-19 10:00:00,109498,drift,Global
2016-04-19 11:00:00,109530,warning,Global
2016-04-19 13:00:00,748498,drift,Manhattan
2016-04-19 14:00:00,748594,warning,Manhattan
2016-04-19 19:00:00,109898,drift,Global
2016-04-19 21:00:00,751498,drift,Manhattan
2016-04-19 21:00:00,109994,warning,Global
2016-04-19 21:00:00,751658,warning,Manhattan
2016-04-19 22:00:00,13498,drift,Queens
2016-04-20 00:00:00,10434,warning,Brooklyn
2016-04-20 03:00:00,110298,drift,Global
2016-04-20 06:00:00,110362,warning,Global
2016-04-20 10:00:00,754498,drift,Manhattan
2016-04-20 11:00:00,754690,warning,Manhattan
2016-04-20 15:00:00,110698,drift,Global
2016-04-20 17:00:00,110762,warning,Global
2016-04-20 18:00:00,757498,drift,Manhattan
2016-04-20 19:00:00,757626,warning,Manhattan
2016-04-20 22:00:00,111098,drift,Global
2016-04-20 23:00:00,111162,warning,Global
2016-04-21 00:00:00,10518,drift,Brooklyn
2016-04-21 07:00:00,760498,drift,Manhattan
2016-04-21 07:00:00,760594,warning,Manhattan
2016-04-21 09:00:00,111498,drift,Global
2016-04-21 10:00:00,111530,warning,Global
2016-04-21 16:00:00,13658,warning,Queens
2016-04-21 16:00:00,763498,drift,Manhattan
2016-04-21 16:00:00,763658,warning,Manhattan
2016-04-21 18:00:00,13678,drift,Queens
2016-04-21 19:00:00,111898,drift,Global
2016-04-21 20:00:00,111962,warning,Global
2016-04-22 00:00:00,112298,drift,Global
2016-04-22 00:00:00,766498,drift,Manhattan
2016-04-22 00:00:00,766594,warning,Manhattan
2016-04-22 01:00:00,112362,warning,Global
2016-04-22 11:00:00,112698,drift,Global
2016-04-22 13:00:00,769498,drift,Manhattan
2016-04-22 13:00:00,769626,warning,Manhattan
2016-04-22 14:00:00,112826,warning,Global
2016-04-22 18:00:00,13774,warning,Queens
2016-04-22 19:00:00,113098,drift,Global
2016-04-22 21:00:00,10646,warning,Brooklyn
2016-04-22 21:00:00,113226,warning,Global
2016-04-22 22:00:00,772498,drift,Manhattan
2016-04-22 22:00:00,772626,warning,Manhattan
2016-04-23 01:00:00,113498,drift,Global
2016-04-23 02:00:00,113562,warning,Global
2016-04-23 11:00:00,775498,drift,Manhattan
2016-04-23 11:00:00,775562,warning,Manhattan
2016-04-23 12:00:00,113898,drift,Global
2016-04-23 15:00:00,113994,warning,Global
2016-04-23 19:00:00,778498,drift,Manhattan
2016-04-23 20:00:00,778658,warning,Manhattan
2016-04-23 22:00:00,13948,drift,Queens
2016-04-23 23:00:00,114298,drift,Global
2016-04-23 23:00:00,114330,warning,Global
2016-04-24 01:00:00,10838,drift,Brooklyn
2016-04-24 03:00:00,10870,warning,Brooklyn
2016-04-24 04:00:00,781498,drift,Manhattan
2016-04-24 04:00:00,10878,drift,Brooklyn
2016-04-24 04:00:00,114698,drift,Global
2016-04-24 05:00:00,781626,warning,Manhattan
2016-04-24 08:00:00,114794,warning,Global
2016-04-24 15:00:00,115098,drift,Global
2016-04-24 17:00:00,115194,warning,Global
2016-04-24 17:00:00,784498,drift,Manhattan
2016-04-24 18:00:00,784626,warning,Manhattan
2016-04-24 18:00:00,14068,drift,Queens
2016-04-24 22:00:00,115498,drift,Global
2016-04-24 23:00:00,115562,warning,Global
2016-04-25 09:00:00,14164,warning,Queens
2016-04-25 09:00:00,787498,drift,Manhattan
2016-04-25 09:00:00,787594,warning,Manhattan
2016-04-25 11:00:00,115898,drift,Global
2016-04-25 13:00:00,115994,warning,Global
2016-04-25 14:00:00,14188,drift,Queens
2016-04-25 18:00:00,790498,drift,Manhattan
2016-04-25 19:00:00,790626,warning,Manhattan
2016-04-25 20:00:00,116298,drift,Global
2016-04-25 22:00:00,116426,warning,Global
2016-04-26 02:00:00,14252,warning,Queens
2016-04-26 08:00:00,116698,drift,Global
2016-04-26 09:00:00,793498,drift,Manhattan
2016-04-26 09:00:00,793594,warning,Manhattan
2016-04-26 14:00:00,116890,warning,Global
2016-04-26 16:00:00,14308,drift,Queens
2016-04-26 18:00:00,796498,drift,Manhattan
2016-04-26 18:00:00,796594,warning,Manhattan
2016-04-26 19:00:00,117098,drift,Global
2016-04-26 20:00:00,117162,warning,Global
2016-04-27 01:00:00,117498,drift,Global
2016-04-27 06:00:00,117594,warning,Global
2016-04-27 06:00:00,799498,drift,Manhattan
2016-04-27 07:00:00,799722,warning,Manhattan
2016-04-27 11:00:00,14404,warning,Queens
2016-04-27 14:00:00,117898,drift,Global
2016-04-27 15:00:00,802498,drift,Manhattan
2016-04-27 15:00:00,802594,warning,Manhattan
2016-04-27 16:00:00,117962,warning,Global
2016-04-27 21:00:00,11098,drift,Brooklyn
2016-04-27 21:00:00,14458,drift,Queens
2016-04-27 22:00:00,118298,drift,Global
2016-04-27 22:00:00,118362,warning,Global
2016-04-27 23:00:00,805498,drift,Manhattan
2016-04-27 23:00:00,805594,warning,Manhattan
2016-04-28 07:00:00,118698,drift,Global
2016-04-28 10:00:00,118794,warning,Global
2016-04-28 12:00:00,808498,drift,Manhattan
2016-04-28 13:00:00,808626,warning,Manhattan
2016-04-28 17:00:00,119098,drift,Global
2016-04-28 17:00:00,14554,warning,Queens
2016-04-28 18:00:00,119162,warning,Global
2016-04-28 20:00:00,811498,drift,Manhattan
2016-04-28 20:00:00,811562,warning,Manhattan
2016-04-28 20:00:00,14578,drift,Queens
2016-04-28 22:00:00,119498,drift,Global
2016-04-28 23:00:00,119562,warning,Global
2016-04-29 01:00:00,11194,warning,Brooklyn
2016-04-29 09:00:00,814498,drift,Manhattan
2016-04-29 09:00:00,814626,warning,Manhattan
2016-04-29 09:00:00,119898,drift,Global
2016-04-29 12:00:00,119994,warning,Global
2016-04-29 17:00:00,817498,drift,Manhattan
2016-04-29 17:00:00,817562,warning,Manhattan
2016-04-29 18:00:00,120298,drift,Global
2016-04-29 20:00:00,14706,warning,Queens
2016-04-29 22:00:00,120490,warning,Global
2016-04-30 00:00:00,820498,drift,Manhattan
2016-04-30 00:00:00,820594,warning,Manhattan
2016-04-30 00:00:00,120698,drift,Global
2016-04-30 02:00:00,120794,warning,Global
2016-04-30 11:00:00,121098,drift,Global
2016-04-30 13:00:00,823498,drift,Manhattan
2016-04-30 13:00:00,823594,warning,Manhattan
2016-04-30 14:00:00,121226,warning,Global
2016-04-30 16:00:00,11358,drift,Brooklyn
2016-04-30 20:00:00,14848,drift,Queens
2016-04-30 20:00:00,826498,drift,Manhattan
2016-04-30 21:00:00,826754,warning,Manhattan
2016-04-30 21:00:00,121498,drift,Global
2016-05-01 00:00:00,11422,warning,Brooklyn
2016-05-01 00:00:00,121690,warning,Global
2016-05-01 02:00:00,11478,drift,Brooklyn
2016-05-01 03:00:00,121898,drift,Global
2016-05-01 06:00:00,121994,warning,Global
2016-05-01 07:00:00,829498,drift,Manhattan
2016-05-01 08:00:00,829562,warning,Manhattan
2016-05-01 11:00:00,14944,warning,Queens
2016-05-01 14:00:00,122298,drift,Global
2016-05-01 15:00:00,14968,drift,Queens
2016-05-01 15:00:00,122362,warning,Global
2016-05-01 17:00:00,832498,drift,Manhattan
2016-05-01 17:00:00,832562,warning,Manhattan
2016-05-01 22:00:00,122698,drift,Global
2016-05-01 23:00:00,122762,warning,Global
2016-05-02 00:00:00,15032,warning,Queens
2016-05-02 08:00:00,835498,drift,Manhattan
2016-05-02 08:00:00,835594,warning,Manhattan
2016-05-02 11:00:00,123098,drift,Global
2016-05-02 14:00:00,123226,warning,Global
2016-05-02 17:00:00,838498,drift,Manhattan
2016-05-02 18:00:00,838658,warning,Manhattan
2016-05-02 18:00:00,11598,drift,Brooklyn
2016-05-02 19:00:00,123498,drift,Global
2016-05-02 20:00:00,15118,drift,Queens
2016-05-02 22:00:00,123690,warning,Global
2016-05-03 04:00:00,123898,drift,Global
2016-05-03 06:00:00,123930,warning,Global
2016-05-03 07:00:00,841498,drift,Manhattan
2016-05-03 07:00:00,841594,warning,Manhattan
2016-05-03 07:00:00,15182,warning,Queens
2016-05-03 15:00:00,844498,drift,Manhattan
2016-05-03 15:00:00,124298,drift,Global
2016-05-03 15:00:00,844594,warning,Manhattan
2016-05-03 17:00:00,124394,warning,Global
2016-05-03 19:00:00,11658,drift,Brooklyn
2016-05-03 22:00:00,124698,drift,Global
2016-05-03 22:00:00,847498,drift,Manhattan
2016-05-03 22:00:00,847562,warning,Manhattan
2016-05-04 00:00:00,15268,drift,Queens
2016-05-04 00:00:00,124858,warning,Global
2016-05-04 09:00:00,125098,drift,Global
2016-05-04 10:00:00,125130,warning,Global
2016-05-04 12:00:00,850498,drift,Manhattan
2016-05-04 12:00:00,850690,warning,Manhattan
2016-05-04 19:00:00,125498,drift,Global
2016-05-04 19:00:00,853498,drift,Manhattan
2016-05-04 19:00:00,853594,warning,Manhattan
2016-05-04 20:00:00,125562,warning,Global
2016-05-04 22:00:00,11754,warning,Brooklyn
2016-05-05 00:00:00,125898,drift,Global
2016-05-05 00:00:00,125930,warning,Global
2016-05-05 07:00:00,11798,drift,Brooklyn
2016-05-05 08:00:00,856498,drift,Manhattan
2016-05-05 09:00:00,856562,warning,Manhattan
2016-05-05 12:00:00,126298,drift,Global
2016-05-05 14:00:00,126362,warning,Global
2016-05-05 17:00:00,859498,drift,Manhattan
2016-05-05 17:00:00,15460,warning,Queens
2016-05-05 17:00:00,859754,warning,Manhattan
2016-05-05 20:00:00,15478,drift,Queens
2016-05-05 20:00:00,126698,drift,Global
2016-05-05 21:00:00,126762,warning,Global
2016-05-05 23:00:00,862498,drift,Manhattan
2016-05-05 23:00:00,862626,warning,Manhattan
2016-05-06 00:00:00,127098,drift,Global
2016-05-06 04:00:00,127258,warning,Global
2016-05-06 07:00:00,15542,warning,Queens
2016-05-06 11:00:00,865498,drift,Manhattan
2016-05-06 11:00:00,865594,warning,Manhattan
2016-05-06 12:00:00,127498,drift,Global
2016-05-06 14:00:00,127594,warning,Global
2016-05-06 18:00:00,11958,warning,Brooklyn
2016-05-06 19:00:00,868498,drift,Manhattan
2016-05-06 19:00:00,868658,warning,Manhattan
2016-05-06 20:00:00,127898,drift,Global
2016-05-06 21:00:00,127962,warning,Global
2016-05-06 22:00:00,11978,drift,Brooklyn
2016-05-07 01:00:00,128298,drift,Global
2016-05-07 02:00:00,128394,warning,Global
2016-05-07 04:00:00,871498,drift,Manhattan
2016-05-07 06:00:00,871626,warning,Manhattan
2016-05-07 11:00:00,128698,drift,Global
2016-05-07 14:00:00,128794,warning,Global
2016-05-07 15:00:00,874498,drift,Manhattan
2016-05-07 15:00:00,874626,warning,Manhattan
2016-05-07 20:00:00,15748,drift,Queens
2016-05-07 21:00:00,129098,drift,Global
2016-05-07 22:00:00,877498,drift,Manhattan
2016-05-07 22:00:00,877626,warning,Manhattan
2016-05-07 23:00:00,129194,warning,Global
2016-05-08 00:00:00,12158,drift,Brooklyn
2016-05-08 02:00:00,129498,drift,Global
2016-05-08 05:00:00,15812,warning,Queens
2016-05-08 05:00:00,129594,warning,Global
2016-05-08 10:00:00,12222,warning,Brooklyn
2016-05-08 11:00:00,880498,drift,Manhattan
2016-05-08 11:00:00,880658,warning,Manhattan
2016-05-08 14:00:00,129898,drift,Global
2016-05-08 15:00:00,129962,warning,Global
2016-05-08 19:00:00,883498,drift,Manhattan
2016-05-08 19:00:00,883626,warning,Manhattan
2016-05-08 21:00:00,130298,drift,Global
2016-05-08 22:00:00,12278,drift,Brooklyn
2016-05-08 23:00:00,130394,warning,Global
2016-05-09 00:00:00,15928,drift,Queens
2016-05-09 07:00:00,12310,warning,Brooklyn
2016-05-09 09:00:00,130698,drift,Global
2016-05-09 11:00:00,886498,drift,Manhattan
2016-05-09 12:00:00,886690,warning,Manhattan
2016-05-09 12:00:00,130826,warning,Global
2016-05-09 17:00:00,131098,drift,Global
2016-05-09 18:00:00,131162,warning,Global
2016-05-09 20:00:00,889498,drift,Manhattan
2016-05-09 20:00:00,12338,drift,Brooklyn
2016-05-09 20:00:00,889690,warning,Manhattan
2016-05-09 23:00:00,131498,drift,Global
2016-05-10 00:00:00,16056,warning,Queens
2016-05-10 01:00:00,131562,warning,Global
2016-05-10 10:00:00,892498,drift,Manhattan
2016-05-10 11:00:00,892594,warning,Manhattan
2016-05-10 13:00:00,131898,drift,Global
2016-05-10 15:00:00,131994,warning,Global
2016-05-10 19:00:00,895498,drift,Manhattan
2016-05-10 19:00:00,895594,warning,Manhattan
2016-05-10 21:00:00,132298,drift,Global
2016-05-10 22:00:00,12402,warning,Brooklyn
2016-05-10 22:00:00,132362,warning,Global
2016-05-11 02:00:00,12418,drift,Brooklyn
2016-05-11 08:00:00,898498,drift,Manhattan
2016-05-11 09:00:00,132698,drift,Global
2016-05-11 09:00:00,898594,warning,Manhattan
2016-05-11 11:00:00,132794,warning,Global
2016-05-11 15:00:00,16228,drift,Queens
2016-05-11 17:00:00,901498,drift,Manhattan
2016-05-11 18:00:00,901626,warning,Manhattan
2016-05-11 18:00:00,133098,drift,Global
2016-05-11 20:00:00,133226,warning,Global
2016-05-12 00:00:00,133498,drift,Global
2016-05-12 01:00:00,133562,warning,Global
2016-05-12 05:00:00,904498,drift,Manhattan
2016-05-12 06:00:00,904658,warning,Manhattan
2016-05-12 11:00:00,16324,warning,Queens
2016-05-12 12:00:00,133898,drift,Global
2016-05-12 13:00:00,133962,warning,Global
2016-05-12 14:00:00,907498,drift,Manhattan
2016-05-12 15:00:00,907626,warning,Manhattan
2016-05-12 15:00:00,16348,drift,Queens
2016-05-12 20:00:00,134298,drift,Global
2016-05-12 21:00:00,134394,warning,Global
2016-05-12 22:00:00,910498,drift,Manhattan
2016-05-12 22:00:00,910562,warning,Manhattan
2016-05-13 01:00:00,134698,drift,Global
2016-05-13 03:00:00,134762,warning,Global
2016-05-13 10:00:00,16444,warning,Queens
2016-05-13 10:00:00,913498,drift,Manhattan
2016-05-13 11:00:00,913626,warning,Manhattan
2016-05-13 12:00:00,135098,drift,Global
2016-05-13 14:00:00,135162,warning,Global
2016-05-13 19:00:00,916498,drift,Manhattan
2016-05-13 19:00:00,916594,warning,Manhattan
2016-05-13 20:00:00,16498,drift,Queens
2016-05-13 20:00:00,135498,drift,Global
2016-05-13 22:00:00,135594,warning,Global
2016-05-14 01:00:00,12706,warning,Brooklyn
2016-05-14 02:00:00,135898,drift,Global
2016-05-14 03:00:00,135930,warning,Global
2016-05-14 04:00:00,12738,drift,Brooklyn
2016-05-14 05:00:00,919498,drift,Manhattan
2016-05-14 06:00:00,919562,warning,Manhattan
2016-05-14 13:00:00,136298,drift,Global
2016-05-14 14:00:00,136362,warning,Global
2016-05-14 15:00:00,922498,drift,Manhattan
2016-05-14 16:00:00,922722,warning,Manhattan
2016-05-14 16:00:00,16626,warning,Queens
2016-05-14 22:00:00,136698,drift,Global
2016-05-14 22:00:00,925498,drift,Manhattan
2016-05-14 23:00:00,925626,warning,Manhattan
2016-05-14 23:00:00,136794,warning,Global
2016-05-15 00:00:00,12866,warning,Brooklyn
2016-05-15 01:00:00,16678,drift,Queens
2016-05-15 02:00:00,12918,drift,Brooklyn
2016-05-15 03:00:00,137098,drift,Global
2016-05-15 05:00:00,137194,warning,Global
2016-05-15 07:00:00,12950,warning,Brooklyn
2016-05-15 10:00:00,12958,drift,Brooklyn
2016-05-15 11:00:00,928498,drift,Manhattan
2016-05-15 11:00:00,928754,warning,Manhattan
2016-05-15 13:00:00,137498,drift,Global
2016-05-15 14:00:00,137562,warning,Global
2016-05-15 19:00:00,137898,drift,Global
2016-05-15 19:00:00,931498,drift,Manhattan
2016-05-15 19:00:00,931594,warning,Manhattan
2016-05-15 21:00:00,137994,warning,Global
2016-05-16 02:00:00,13054,warning,Brooklyn
2016-05-16 03:00:00,138298,drift,Global
2016-05-16 05:00:00,138330,warning,Global
2016-05-16 07:00:00,16870,warning,Queens
2016-05-16 09:00:00,934498,drift,Manhattan
2016-05-16 10:00:00,934530,warning,Manhattan
2016-05-16 11:00:00,16888,drift,Queens
2016-05-16 14:00:00,138698,drift,Global
2016-05-16 15:00:00,138762,warning,Global
2016-05-16 18:00:00,937498,drift,Manhattan
2016-05-16 18:00:00,937690,warning,Manhattan
2016-05-16 21:00:00,139098,drift,Global
2016-05-16 22:00:00,139130,warning,Global
2016-05-16 22:00:00,13098,drift,Brooklyn
2016-05-17 07:00:00,940498,drift,Manhattan
2016-05-17 07:00:00,940594,warning,Manhattan
2016-05-17 08:00:00,139498,drift,Global
2016-05-17 10:00:00,17008,drift,Queens
2016-05-17 10:00:00,139594,warning,Global
2016-05-17 16:00:00,943498,drift,Manhattan
2016-05-17 16:00:00,943562,warning,Manhattan
2016-05-17 17:00:00,139898,drift,Global
2016-05-17 18:00:00,139962,warning,Global
2016-05-17 20:00:00,17072,warning,Queens
2016-05-17 22:00:00,140298,drift,Global
2016-05-17 23:00:00,140362,warning,Global
2016-05-17 23:00:00,946498,drift,Manhattan
2016-05-18 00:00:00,946562,warning,Manhattan
2016-05-18 09:00:00,140698,drift,Global
2016-05-18 12:00:00,140826,warning,Global
2016-05-18 13:00:00,949498,drift,Manhattan
2016-05-18 13:00:00,17158,drift,Queens
2016-05-18 13:00:00,949562,warning,Manhattan
2016-05-18 18:00:00,141098,drift,Global
2016-05-18 18:00:00,13226,warning,Brooklyn
2016-05-18 20:00:00,141194,warning,Global
2016-05-18 21:00:00,952498,drift,Manhattan
2016-05-18 22:00:00,952690,warning,Manhattan
2016-05-18 23:00:00,141498,drift,Global
2016-05-19 00:00:00,17222,warning,Queens
2016-05-19 00:00:00,141562,warning,Global
2016-05-19 10:00:00,141898,drift,Global
2016-05-19 11:00:00,955498,drift,Manhattan
2016-05-19 12:00:00,955754,warning,Manhattan
2016-05-19 12:00:00,141994,warning,Global
2016-05-19 18:00:00,142298,drift,Global
2016-05-19 19:00:00,142362,warning,Global
2016-05-19 19:00:00,958498,drift,Manhattan
2016-05-19 20:00:00,958626,warning,Manhattan
2016-05-19 23:00:00,142698,drift,Global
2016-05-20 00:00:00,142794,warning,Global
2016-05-20 06:00:00,17368,drift,Queens
2016-05-20 08:00:00,961498,drift,Manhattan
2016-05-20 08:00:00,961594,warning,Manhattan
2016-05-20 08:00:00,143098,drift,Global
2016-05-20 11:00:00,143194,warning,Global
2016-05-20 14:00:00,13418,drift,Brooklyn
2016-05-20 16:00:00,964498,drift,Manhattan
2016-05-20 17:00:00,964594,warning,Manhattan
2016-05-20 17:00:00,143498,drift,Global
2016-05-20 18:00:00,143562,warning,Global
2016-05-20 21:00:00,13450,warning,Brooklyn
2016-05-20 22:00:00,13458,drift,Brooklyn
2016-05-20 23:00:00,967498,drift,Manhattan
2016-05-20 23:00:00,143898,drift,Global
2016-05-21 00:00:00,967658,warning,Manhattan
2016-05-21 00:00:00,143930,warning,Global
2016-05-21 06:00:00,144298,drift,Global
2016-05-21 07:00:00,13586,warning,Brooklyn
2016-05-21 08:00:00,144362,warning,Global
2016-05-21 10:00:00,17528,warning,Queens
2016-05-21 12:00:00,13618,drift,Brooklyn
2016-05-21 12:00:00,970498,drift,Manhattan
2016-05-21 13:00:00,970754,warning,Manhattan
2016-05-21 16:00:00,144698,drift,Global
2016-05-21 18:00:00,144794,warning,Global
2016-05-21 19:00:00,973498,drift,Manhattan
2016-05-21 20:00:00,973562,warning,Manhattan
2016-05-21 20:00:00,17578,drift,Queens
2016-05-22 00:00:00,145098,drift,Global
2016-05-22 01:00:00,145162,warning,Global
2016-05-22 06:00:00,976498,drift,Manhattan
2016-05-22 08:00:00,976626,warning,Manhattan
2016-05-22 08:00:00,13810,warning,Brooklyn
2016-05-22 08:00:00,145498,drift,Global
2016-05-22 11:00:00,145594,warning,Global
2016-05-22 12:00:00,17668,drift,Queens
2016-05-22 16:00:00,145898,drift,Global
2016-05-22 17:00:00,979498,drift,Manhattan
2016-05-22 17:00:00,145962,warning,Global
2016-05-22 17:00:00,979594,warning,Manhattan
2016-05-22 17:00:00,13838,drift,Brooklyn
2016-05-22 23:00:00,146298,drift,Global
2016-05-23 00:00:00,146362,warning,Global
2016-05-23 06:00:00,17764,warning,Queens
2016-05-23 08:00:00,982498,drift,Manhattan
2016-05-23 09:00:00,982626,warning,Manhattan
2016-05-23 11:00:00,146698,drift,Global
2016-05-23 13:00:00,146794,warning,Global
2016-05-23 15:00:00,17818,drift,Queens
2016-05-23 18:00:00,985498,drift,Manhattan
2016-05-23 18:00:00,985690,warning,Manhattan
2016-05-23 20:00:00,147098,drift,Global
2016-05-23 22:00:00,147194,warning,Global
2016-05-24 07:00:00,147498,drift,Global
2016-05-24 08:00:00,988498,drift,Manhattan
2016-05-24 08:00:00,988594,warning,Manhattan
2016-05-24 08:00:00,147562,warning,Global
2016-05-24 14:00:00,13966,warning,Brooklyn
2016-05-24 14:00:00,17946,warning,Queens
2016-05-24 16:00:00,991498,drift,Manhattan
2016-05-24 17:00:00,991562,warning,Manhattan
2016-05-24 17:00:00,147898,drift,Global
2016-05-24 19:00:00,147962,warning,Global
2016-05-24 23:00:00,13998,drift,Brooklyn
2016-05-25 00:00:00,148298,drift,Global
2016-05-25 03:00:00,994498,drift,Manhattan
2016-05-25 05:00:00,148394,warning,Global
2016-05-25 06:00:00,994626,warning,Manhattan
2016-05-25 14:00:00,148698,drift,Global
2016-05-25 14:00:00,997498,drift,Manhattan
2016-05-25 14:00:00,997594,warning,Manhattan
2016-05-25 15:00:00,18028,drift,Queens
2016-05-25 15:00:00,148762,warning,Global
2016-05-25 22:00:00,1000498,drift,Manhattan
2016-05-25 22:00:00,149098,drift,Global
2016-05-25 22:00:00,1000690,warning,Manhattan
2016-05-25 22:00:00,149162,warning,Global
2016-05-25 23:00:00,18092,warning,Queens
2016-05-26 08:00:00,149498,drift,Global
2016-05-26 10:00:00,149562,warning,Global
2016-05-26 11:00:00,1003498,drift,Manhattan
2016-05-26 12:00:00,1003658,warning,Manhattan
2016-05-26 12:00:00,18148,drift,Queens
2016-05-26 18:00:00,149898,drift,Global
2016-05-26 19:00:00,149962,warning,Global
2016-05-26 19:00:00,1006498,drift,Manhattan
2016-05-26 20:00:00,1006658,warning,Manhattan
2016-05-26 22:00:00,18212,warning,Queens
2016-05-27 00:00:00,150298,drift,Global
2016-05-27 01:00:00,150362,warning,Global
2016-05-27 08:00:00,1009498,drift,Manhattan
2016-05-27 09:00:00,1009594,warning,Manhattan
2016-05-27 12:00:00,150698,drift,Global
2016-05-27 14:00:00,150794,warning,Global
2016-05-27 18:00:00,1012498,drift,Manhattan
2016-05-27 18:00:00,1012626,warning,Manhattan
2016-05-27 21:00:00,151098,drift,Global
2016-05-27 23:00:00,151194,warning,Global
2016-05-27 23:00:00,14286,warning,Brooklyn
2016-05-28 00:00:00,14298,drift,Brooklyn
2016-05-28 04:00:00,151498,drift,Global
2016-05-28 06:00:00,151594,warning,Global
2016-05-28 08:00:00,1015498,drift,Manhattan
2016-05-28 08:00:00,1015530,warning,Manhattan
2016-05-28 16:00:00,151898,drift,Global
2016-05-28 18:00:00,1018498,drift,Manhattan
2016-05-28 19:00:00,1018690,warning,Manhattan
2016-05-28 20:00:00,152026,warning,Global
2016-05-28 21:00:00,18508,drift,Queens
2016-05-29 01:00:00,14426,warning,Brooklyn
2016-05-29 02:00:00,152298,drift,Global
2016-05-29 04:00:00,152362,warning,Global
2016-05-29 04:00:00,14458,drift,Brooklyn
2016-05-29 06:00:00,18568,drift,Queens
2016-05-29 10:00:00,1021498,drift,Manhattan
2016-05-29 10:00:00,1021594,warning,Manhattan
2016-05-29 15:00:00,152698,drift,Global
2016-05-29 16:00:00,152730,warning,Global
2016-05-29 17:00:00,18632,warning,Queens
2016-05-29 20:00:00,1024498,drift,Manhattan
2016-05-29 21:00:00,1024594,warning,Manhattan
2016-05-30 00:00:00,153098,drift,Global
2016-05-30 01:00:00,18688,drift,Queens
2016-05-30 01:00:00,153162,warning,Global
2016-05-30 05:00:00,14618,warning,Brooklyn
2016-05-30 12:00:00,153498,drift,Global
2016-05-30 13:00:00,153530,warning,Global
2016-05-30 15:00:00,1027498,drift,Manhattan
2016-05-30 16:00:00,1027690,warning,Manhattan
2016-05-30 19:00:00,153898,drift,Global
2016-05-30 22:00:00,154026,warning,Global
2016-05-31 06:00:00,154298,drift,Global
2016-05-31 07:00:00,18848,warning,Queens
2016-05-31 08:00:00,1030498,drift,Manhattan
2016-05-31 08:00:00,1030594,warning,Manhattan
2016-05-31 08:00:00,154394,warning,Global
2016-05-31 10:00:00,18868,drift,Queens
2016-05-31 16:00:00,154698,drift,Global
2016-05-31 17:00:00,1033498,drift,Manhattan
2016-05-31 17:00:00,1033562,warning,Manhattan
2016-05-31 17:00:00,18928,drift,Queens
2016-05-31 18:00:00,154762,warning,Global
2016-05-31 23:00:00,14718,drift,Brooklyn
2016-06-01 00:00:00,155098,drift,Global
2016-06-01 01:00:00,155162,warning,Global
2016-06-01 07:00:00,1036498,drift,Manhattan
2016-06-01 07:00:00,14750,warning,Brooklyn
2016-06-01 08:00:00,1036594,warning,Manhattan
2016-06-01 09:00:00,18992,warning,Queens
2016-06-01 10:00:00,14758,drift,Brooklyn
2016-06-01 13:00:00,155498,drift,Global
2016-06-01 14:00:00,155562,warning,Global
2016-06-01 16:00:00,1039498,drift,Manhattan
2016-06-01 17:00:00,1039722,warning,Manhattan
2016-06-01 21:00:00,155898,drift,Global
2016-06-01 22:00:00,155962,warning,Global
2016-06-01 23:00:00,19078,drift,Queens
2016-06-02 01:00:00,1042498,drift,Manhattan
2016-06-02 03:00:00,1042594,warning,Manhattan
2016-06-02 05:00:00,156298,drift,Global
2016-06-02 07:00:00,156330,warning,Global
2016-06-02 13:00:00,1045498,drift,Manhattan
2016-06-02 14:00:00,1045626,warning,Manhattan
2016-06-02 16:00:00,156698,drift,Global
2016-06-02 18:00:00,156762,warning,Global
2016-06-02 18:00:00,19174,warning,Queens
2016-06-02 21:00:00,1048498,drift,Manhattan
2016-06-02 21:00:00,1048562,warning,Manhattan
2016-06-02 22:00:00,19198,drift,Queens
2016-06-02 22:00:00,14854,warning,Brooklyn
2016-06-02 23:00:00,157098,drift,Global
2016-06-02 23:00:00,157162,warning,Global
2016-06-03 08:00:00,157498,drift,Global
2016-06-03 10:00:00,1051498,drift,Manhattan
2016-06-03 10:00:00,1051594,warning,Manhattan
2016-06-03 10:00:00,157562,warning,Global
2016-06-03 11:00:00,19258,drift,Queens
2016-06-03 19:00:00,1054498,drift,Manhattan
2016-06-03 19:00:00,14918,drift,Brooklyn
2016-06-03 19:00:00,157898,drift,Global
2016-06-03 19:00:00,1054594,warning,Manhattan
2016-06-03 20:00:00,157962,warning,Global
2016-06-03 23:00:00,19322,warning,Queens
2016-06-04 01:00:00,158298,drift,Global
2016-06-04 03:00:00,1057498,drift,Manhattan
2016-06-04 03:00:00,158394,warning,Global
2016-06-04 06:00:00,1057786,warning,Manhattan
2016-06-04 07:00:00,19378,drift,Queens
2016-06-04 10:00:00,15014,warning,Brooklyn
2016-06-04 10:00:00,15018,drift,Brooklyn
2016-06-04 12:00:00,158698,drift,Global
2016-06-04 14:00:00,158762,warning,Global
2016-06-04 15:00:00,1060498,drift,Manhattan
2016-06-04 15:00:00,1060562,warning,Manhattan
2016-06-04 16:00:00,19438,drift,Queens
2016-06-04 22:00:00,159098,drift,Global
2016-06-04 22:00:00,1063498,drift,Manhattan
2016-06-04 23:00:00,1063594,warning,Manhattan
2016-06-04 23:00:00,15114,warning,Brooklyn
2016-06-04 23:00:00,159194,warning,Global
2016-06-05 04:00:00,159498,drift,Global
2016-06-05 05:00:00,19534,warning,Queens
2016-06-05 07:00:00,159562,warning,Global
2016-06-05 11:00:00,1066498,drift,Manhattan
2016-06-05 11:00:00,1066594,warning,Manhattan
2016-06-05 15:00:00,159898,drift,Global
2016-06-05 16:00:00,159962,warning,Global
2016-06-05 19:00:00,19618,drift,Queens
2016-06-05 20:00:00,1069498,drift,Manhattan
2016-06-05 21:00:00,1069594,warning,Manhattan
2016-06-05 21:00:00,15258,drift,Brooklyn
2016-06-05 23:00:00,160298,drift,Global
2016-06-06 01:00:00,160362,warning,Global
2016-06-06 06:00:00,19682,warning,Queens
2016-06-06 11:00:00,160698,drift,Global
2016-06-06 12:00:00,1072498,drift,Manhattan
2016-06-06 12:00:00,160762,warning,Global
2016-06-06 12:00:00,1072530,warning,Manhattan
2016-06-06 18:00:00,19768,drift,Queens
2016-06-06 19:00:00,161098,drift,Global
2016-06-06 21:00:00,1075498,drift,Manhattan
2016-06-06 21:00:00,161226,warning,Global
2016-06-06 21:00:00,1075722,warning,Manhattan
2016-06-07 00:00:00,15354,warning,Brooklyn
2016-06-07 05:00:00,161498,drift,Global
2016-06-07 08:00:00,161562,warning,Global
2016-06-07 11:00:00,1078498,drift,Manhattan
2016-06-07 12:00:00,1078658,warning,Manhattan
2016-06-07 18:00:00,161898,drift,Global
2016-06-07 19:00:00,161962,warning,Global
2016-06-07 19:00:00,1081498,drift,Manhattan
2016-06-07 20:00:00,1081594,warning,Manhattan
2016-06-07 23:00:00,15418,drift,Brooklyn
2016-06-07 23:00:00,162298,drift,Global
2016-06-08 00:00:00,19928,warning,Queens
2016-06-08 01:00:00,162362,warning,Global
2016-06-08 04:00:00,19948,drift,Queens
2016-06-08 09:00:00,1084498,drift,Manhattan
2016-06-08 09:00:00,1084562,warning,Manhattan
2016-06-08 10:00:00,15450,warning,Brooklyn
2016-06-08 12:00:00,162698,drift,Global
2016-06-08 13:00:00,162762,warning,Global
2016-06-08 17:00:00,20012,warning,Queens
2016-06-08 18:00:00,1087498,drift,Manhattan
2016-06-08 18:00:00,1087594,warning,Manhattan
2016-06-08 21:00:00,15478,drift,Brooklyn
2016-06-08 21:00:00,163098,drift,Global
2016-06-08 22:00:00,163162,warning,Global
2016-06-09 00:00:00,15518,drift,Brooklyn
2016-06-09 05:00:00,163498,drift,Global
2016-06-09 06:00:00,20068,drift,Queens
2016-06-09 06:00:00,1090498,drift,Manhattan
2016-06-09 07:00:00,1090562,warning,Manhattan
2016-06-09 07:00:00,163562,warning,Global
2016-06-09 13:00:00,20100,warning,Queens
2016-06-09 15:00:00,1093498,drift,Manhattan
2016-06-09 15:00:00,1093626,warning,Manhattan
2016-06-09 15:00:00,163898,drift,Global
2016-06-09 17:00:00,163962,warning,Global
2016-06-09 22:00:00,164298,drift,Global
2016-06-09 23:00:00,1096498,drift,Manhattan
2016-06-09 23:00:00,164362,warning,Global
2016-06-09 23:00:00,1096722,warning,Manhattan
2016-06-10 00:00:00,15614,warning,Brooklyn
2016-06-10 06:00:00,164698,drift,Global
2016-06-10 06:00:00,164730,warning,Global
2016-06-10 12:00:00,1099498,drift,Manhattan
2016-06-10 12:00:00,1099658,warning,Manhattan
2016-06-10 14:00:00,165098,drift,Global
2016-06-10 16:00:00,165162,warning,Global
2016-06-10 17:00:00,20278,drift,Queens
2016-06-10 20:00:00,1102498,drift,Manhattan
2016-06-10 21:00:00,1102626,warning,Manhattan
2016-06-10 22:00:00,165498,drift,Global
2016-06-10 23:00:00,165562,warning,Global
2016-06-11 05:00:00,165898,drift,Global
2016-06-11 08:00:00,165962,warning,Global
2016-06-11 09:00:00,20374,warning,Queens
2016-06-11 09:00:00,1105498,drift,Manhattan
2016-06-11 10:00:00,1105722,warning,Manhattan
2016-06-11 13:00:00,20398,drift,Queens
2016-06-11 18:00:00,166298,drift,Global
2016-06-11 18:00:00,1108498,drift,Manhattan
2016-06-11 18:00:00,1108658,warning,Manhattan
2016-06-11 19:00:00,166362,warning,Global
2016-06-12 00:00:00,20462,warning,Queens
2016-06-12 02:00:00,166698,drift,Global
2016-06-12 02:00:00,1111498,drift,Manhattan
2016-06-12 02:00:00,1111626,warning,Manhattan
2016-06-12 03:00:00,166762,warning,Global
2016-06-12 10:00:00,15938,drift,Brooklyn
2016-06-12 11:00:00,20518,drift,Queens
2016-06-12 14:00:00,167098,drift,Global
2016-06-12 15:00:00,167162,warning,Global
2016-06-12 17:00:00,1114498,drift,Manhattan
2016-06-12 17:00:00,1114626,warning,Manhattan
2016-06-12 20:00:00,15970,warning,Brooklyn
2016-06-12 21:00:00,167498,drift,Global
2016-06-12 22:00:00,167594,warning,Global
2016-06-13 05:00:00,16018,drift,Brooklyn
2016-06-13 06:00:00,20614,warning,Queens
2016-06-13 08:00:00,167898,drift,Global
2016-06-13 08:00:00,1117498,drift,Manhattan
2016-06-13 09:00:00,1117594,warning,Manhattan
2016-06-13 10:00:00,167994,warning,Global
2016-06-13 10:00:00,20638,drift,Queens
2016-06-13 17:00:00,168298,drift,Global
2016-06-13 18:00:00,1120498,drift,Manhattan
2016-06-13 18:00:00,1120658,warning,Manhattan
2016-06-13 19:00:00,168394,warning,Global
2016-06-13 19:00:00,20702,warning,Queens
2016-06-13 23:00:00,168698,drift,Global
2016-06-14 00:00:00,168762,warning,Global
2016-06-14 09:00:00,1123498,drift,Manhattan
2016-06-14 09:00:00,1123594,warning,Manhattan
2016-06-14 13:00:00,169098,drift,Global
2016-06-14 15:00:00,169194,warning,Global
2016-06-14 18:00:00,1126498,drift,Manhattan
2016-06-14 18:00:00,1126530,warning,Manhattan
2016-06-14 22:00:00,169498,drift,Global
2016-06-14 23:00:00,169594,warning,Global
2016-06-15 04:00:00,20878,drift,Queens
2016-06-15 04:00:00,16146,warning,Brooklyn
2016-06-15 07:00:00,1129498,drift,Manhattan
2016-06-15 07:00:00,1129626,warning,Manhattan
2016-06-15 10:00:00,169898,drift,Global
2016-06-15 13:00:00,169994,warning,Global
2016-06-15 15:00:00,1132498,drift,Manhattan
2016-06-15 15:00:00,1132562,warning,Manhattan
2016-06-15 20:00:00,170298,drift,Global
2016-06-15 20:00:00,20968,drift,Queens
2016-06-15 21:00:00,170362,warning,Global
2016-06-15 23:00:00,1135498,drift,Manhattan
2016-06-15 23:00:00,1135626,warning,Manhattan
2016-06-16 03:00:00,170698,drift,Global
2016-06-16 05:00:00,170762,warning,Global
2016-06-16 09:00:00,21032,warning,Queens
2016-06-16 12:00:00,1138498,drift,Manhattan
2016-06-16 12:00:00,1138594,warning,Manhattan
2016-06-16 14:00:00,171098,drift,Global
2016-06-16 15:00:00,171162,warning,Global
2016-06-16 18:00:00,21088,drift,Queens
2016-06-16 20:00:00,1141498,drift,Manhattan
2016-06-16 20:00:00,1141530,warning,Manhattan
2016-06-16 21:00:00,171498,drift,Global
2016-06-16 22:00:00,171562,warning,Global
2016-06-17 04:00:00,171898,drift,Global
2016-06-17 07:00:00,16338,drift,Brooklyn
2016-06-17 08:00:00,172026,warning,Global
2016-06-17 08:00:00,1144498,drift,Manhattan
2016-06-17 09:00:00,1144562,warning,Manhattan
2016-06-17 09:00:00,21184,warning,Queens
2016-06-17 15:00:00,172298,drift,Global
2016-06-17 17:00:00,172362,warning,Global
2016-06-17 18:00:00,1147498,drift,Manhattan
2016-06-17 18:00:00,1147594,warning,Manhattan
2016-06-17 23:00:00,172698,drift,Global
2016-06-17 23:00:00,21268,drift,Queens
2016-06-18 00:00:00,172762,warning,Global
2016-06-18 00:00:00,16434,warning,Brooklyn
2016-06-18 01:00:00,16438,drift,Brooklyn
2016-06-18 02:00:00,1150498,drift,Manhattan
2016-06-18 03:00:00,1150626,warning,Manhattan
2016-06-18 09:00:00,173098,drift,Global
2016-06-18 09:00:00,21332,warning,Queens
2016-06-18 14:00:00,173258,warning,Global
2016-06-18 16:00:00,1153498,drift,Manhattan
2016-06-18 16:00:00,1153626,warning,Manhattan
2016-06-18 21:00:00,173498,drift,Global
2016-06-18 22:00:00,173562,warning,Global
2016-06-18 23:00:00,16566,warning,Brooklyn
2016-06-19 00:00:00,1156498,drift,Manhattan
2016-06-19 01:00:00,1156626,warning,Manhattan
2016-06-19 02:00:00,21448,drift,Queens
2016-06-19 02:00:00,16618,drift,Brooklyn
2016-06-19 03:00:00,173898,drift,Global
2016-06-19 05:00:00,173962,warning,Global
2016-06-19 15:00:00,174298,drift,Global
2016-06-19 15:00:00,1159498,drift,Manhattan
2016-06-19 16:00:00,1159530,warning,Manhattan
2016-06-19 17:00:00,174426,warning,Global
2016-06-19 22:00:00,21576,warning,Queens
2016-06-19 22:00:00,174698,drift,Global
2016-06-20 00:00:00,174794,warning,Global
2016-06-20 05:00:00,21598,drift,Queens
2016-06-20 08:00:00,1162498,drift,Manhattan
2016-06-20 08:00:00,1162594,warning,Manhattan
2016-06-20 10:00:00,175098,drift,Global
2016-06-20 14:00:00,175226,warning,Global
2016-06-20 17:00:00,1165498,drift,Manhattan
2016-06-20 18:00:00,1165594,warning,Manhattan
2016-06-20 19:00:00,175498,drift,Global
2016-06-20 21:00:00,175562,warning,Global
2016-06-20 21:00:00,21694,warning,Queens
2016-06-21 07:00:00,175898,drift,Global
2016-06-21 08:00:00,1168498,drift,Manhattan
2016-06-21 08:00:00,1168594,warning,Manhattan
2016-06-21 10:00:00,175994,warning,Global
2016-06-21 14:00:00,21778,drift,Queens
2016-06-21 17:00:00,1171498,drift,Manhattan
2016-06-21 17:00:00,1171562,warning,Manhattan
2016-06-21 18:00:00,176298,drift,Global
2016-06-21 19:00:00,176362,warning,Global
2016-06-22 00:00:00,176698,drift,Global
2016-06-22 00:00:00,16842,warning,Brooklyn
2016-06-22 02:00:00,176762,warning,Global
2016-06-22 04:00:00,1174498,drift,Manhattan
2016-06-22 06:00:00,1174626,warning,Manhattan
2016-06-22 11:00:00,21874,warning,Queens
2016-06-22 11:00:00,16858,drift,Brooklyn
2016-06-22 13:00:00,177098,drift,Global
2016-06-22 14:00:00,177162,warning,Global
2016-06-22 14:00:00,1177498,drift,Manhattan
2016-06-22 15:00:00,1177594,warning,Manhattan
2016-06-22 17:00:00,21898,drift,Queens
2016-06-22 21:00:00,177498,drift,Global
2016-06-22 22:00:00,177562,warning,Global
2016-06-22 23:00:00,1180498,drift,Manhattan
2016-06-22 23:00:00,1180530,warning,Manhattan
2016-06-23 04:00:00,21962,warning,Queens
2016-06-23 05:00:00,16922,warning,Brooklyn
2016-06-23 07:00:00,177898,drift,Global
2016-06-23 08:00:00,21988,drift,Queens
2016-06-23 10:00:00,177994,warning,Global
2016-06-23 12:00:00,1183498,drift,Manhattan
2016-06-23 13:00:00,1183722,warning,Manhattan
2016-06-23 17:00:00,178298,drift,Global
2016-06-23 18:00:00,178362,warning,Global
2016-06-23 20:00:00,16958,drift,Brooklyn
2016-06-23 21:00:00,1186498,drift,Manhattan
2016-06-23 21:00:00,1186818,warning,Manhattan
2016-06-23 23:00:00,178698,drift,Global
2016-06-24 00:00:00,178730,warning,Global
2016-06-24 00:00:00,22084,warning,Queens
2016-06-24 09:00:00,1189498,drift,Manhattan
2016-06-24 10:00:00,1189658,warning,Manhattan
2016-06-24 10:00:00,179098,drift,Global
2016-06-24 11:00:00,179162,warning,Global
2016-06-24 18:00:00,17054,warning,Brooklyn
2016-06-24 18:00:00,1192498,drift,Manhattan
2016-06-24 19:00:00,1192594,warning,Manhattan
2016-06-24 19:00:00,179498,drift,Global
2016-06-24 20:00:00,179562,warning,Global
2016-06-25 01:00:00,179898,drift,Global
2016-06-25 02:00:00,179930,warning,Global
2016-06-25 03:00:00,1195498,drift,Manhattan
2016-06-25 03:00:00,1195562,warning,Manhattan
2016-06-25 08:00:00,17158,drift,Brooklyn
2016-06-25 11:00:00,22288,drift,Queens
2016-06-25 13:00:00,180298,drift,Global
2016-06-25 14:00:00,180362,warning,Global
2016-06-25 16:00:00,1198498,drift,Manhattan
2016-06-25 16:00:00,1198626,warning,Manhattan
2016-06-25 22:00:00,180698,drift,Global
2016-06-26 00:00:00,1201498,drift,Manhattan
2016-06-26 00:00:00,1201594,warning,Manhattan
2016-06-26 00:00:00,180826,warning,Global
2016-06-26 05:00:00,181098,drift,Global
2016-06-26 10:00:00,181226,warning,Global
2016-06-26 14:00:00,1204498,drift,Manhattan
2016-06-26 14:00:00,1204626,warning,Manhattan
2016-06-26 15:00:00,17318,warning,Brooklyn
2016-06-26 16:00:00,22468,drift,Queens
2016-06-26 16:00:00,181498,drift,Global
2016-06-26 17:00:00,181562,warning,Global
2016-06-26 22:00:00,17358,drift,Brooklyn
2016-06-26 23:00:00,181898,drift,Global
2016-06-27 00:00:00,22532,warning,Queens
2016-06-27 00:00:00,181962,warning,Global
2016-06-27 05:00:00,1207498,drift,Manhattan
2016-06-27 06:00:00,1207530,warning,Manhattan
2016-06-27 11:00:00,182298,drift,Global
2016-06-27 12:00:00,22588,drift,Queens
2016-06-27 13:00:00,182394,warning,Global
2016-06-27 16:00:00,1210498,drift,Manhattan
2016-06-27 16:00:00,1210530,warning,Manhattan
2016-06-27 20:00:00,182698,drift,Global
2016-06-27 22:00:00,182826,warning,Global
2016-06-27 23:00:00,22652,warning,Queens
2016-06-28 05:00:00,1213498,drift,Manhattan
2016-06-28 06:00:00,1213594,warning,Manhattan
2016-06-28 08:00:00,183098,drift,Global
2016-06-28 12:00:00,183226,warning,Global
2016-06-28 15:00:00,1216498,drift,Manhattan
2016-06-28 16:00:00,1216722,warning,Manhattan
2016-06-28 20:00:00,183498,drift,Global
2016-06-28 22:00:00,183594,warning,Global
2016-06-29 00:00:00,1219498,drift,Manhattan
2016-06-29 01:00:00,1219594,warning,Manhattan
2016-06-29 04:00:00,22798,drift,Queens
2016-06-29 06:00:00,183898,drift,Global
2016-06-29 09:00:00,183994,warning,Global
2016-06-29 14:00:00,1222498,drift,Manhattan
2016-06-29 14:00:00,1222594,warning,Manhattan
2016-06-29 17:00:00,184298,drift,Global
2016-06-29 17:00:00,184330,warning,Global
2016-06-29 22:00:00,1225498,drift,Manhattan
2016-06-29 22:00:00,1225594,warning,Manhattan
2016-06-29 23:00:00,22888,drift,Queens
2016-06-30 00:00:00,184698,drift,Global
2016-06-30 00:00:00,17582,warning,Brooklyn
2016-06-30 02:00:00,184762,warning,Global
2016-06-30 08:00:00,17598,drift,Brooklyn
2016-06-30 10:00:00,22948,drift,Queens
2016-06-30 12:00:00,1228498,drift,Manhattan
2016-06-30 12:00:00,1228562,warning,Manhattan
2016-06-30 13:00:00,185098,drift,Global
2016-06-30 15:00:00,185162,warning,Global
2016-06-30 19:00:00,23012,warning,Queens
2016-06-30 21:00:00,1231498,drift,Manhattan
2016-06-30 21:00:00,185498,drift,Global
2016-06-30 21:00:00,1231530,warning,Manhattan
2016-06-30 22:00:00,185562,warning,Global
2016-03-20 00:00:00,541825,centroid,Manhattan
2016-03-27 00:00:00,10525,centroid,Queens
2016-05-20 00:00:00,967607,centroid,Manhattan
2016-06-03 00:00:00,19325,centroid,Queens
